code_et;nature;delll;type_inter;details;ecole;Ann_prog;Bailleur;montant
813413;Ecole Primaire;гАзАг;Extention;хДга ЦлЦФзи умМи;гАЦояси гАехйогфМи 03 цФй цФАго зЦя;2020;FADES;130 000,00
812206;Ecole Primaire;гАчМяФгД гАлДФхМи ;Extention;хДга щжга ймжМяМ;гАЦоясигАгхйогфМи гАЦДуФяи ;2019;FADES;120 000,00
812206;Ecole Primaire;гАчМяФгД гАлДФхМи ;Rehabilitation;уМгДи згЦи;гАЦоясигАгзогоМи гАЦДуФяи ;2020;BT;700 000,00
814632;Ecole Primaire;Дуя гААЕ;Extention; ЦлЦФзгй умМи; гАЦояси гАехйогфМи гАхтгМяМи;2019;FADES;30 000,00
814617;Ecole Primaire;Дуя гААЕ;Extention;хДга щжга ймжМяМ; гАЦояси гАехйогфМи гАхяМъгй ;2019;FADES;120 000,00
813607;Ecole Primaire;мщФр;Extention;хДга ЦлЦФзи умМи; гАЦояси гАехйогфМи гАмФщМи ;2019;FADES;30 000,00
815157;Ecole Primaire;хФмлАи;Extention;хДга сМгл;гАЦояси гАехйогфМи цФАго хФмФт;2019;FADES;20 000,00
815129;Ecole Primaire;хФмлАи;Rehabilitation;уМгДи ЦлЦФзгй умМи;гАЦояси гАгхйогфМи гхД нАоФД хФмлАи;2019;BT;33 000,00
814621;Ecole Primaire;Дуя гААЕ;Rehabilitation;уМгДи ЦлЦФзгй умМи;гАЦояси гАгхйогфМи цхФ гАчгсЦ гАтгхМ;2018;BT;33 000,00
813132;Ecole Primaire;гАФсАгйМи;Extention;ЦлФзи умМи ;гАЦояси гАехйогфМи гАгЦйМгр;2019;FADES;33 000,00
813132;Ecole Primaire;гАФсАгйМи;Extention;чгзи ;гАЦояси гАехйогфМи гАгЦйМгр;2019;FADES;70 000,00
812224;Ecole Primaire;гАчМяФгД гАлДФхМи;Extention;хДга щжга ймжМяМ;гАЦояси гАехйогфМи гАйхгД 1;2018;FADES;120 000,00
812625;Ecole Primaire;гАсхМни;Rehabilitation;уМгДи ЦлЦФзгй умМи;гАЦояси гАгхйогфМи гАйщФч гАсхМни;2019;BT;33 000,00
814117;Ecole Primaire;гАмглх;Extention;хДга щжга ймжМяМ;гАЦояси гАехйогфМи гАмлгл;2018;FADES;120 000,00
813117;Ecole Primaire;гАФсАгйМи;Extention;хДга щжга ймжМяМ;гАЦояси гАехйогфМи гАмсМгД;2018;FADES;120 000,00
812223;Ecole Primaire;гАчМяФгД гАлДФхМи;Extention;хДга2 чгзгй згоМи;гАЦояси гАехйогфМи гАмДхгр;2018;BT;70 000,00
812223;Ecole Primaire;гАчМяФгД гАлДФхМи;Extention;хДга ЦьзЦ ЦоясМ;гАЦояси гАехйогфМи гАмДхгр;2018;FADES;150 000,00
812612;Ecole Primaire;гАсхМни;Extention;хДга щжга ймжМяМ;гАЦояси гАехйогфМи гАонМАи;2018;FADES;120 000,00
812612;Ecole Primaire;гАсхМни;Rehabilitation;уМгДи згЦи;гАЦояси гАехйогфМи гАонМАи;2018;FADES;250 000,00
812611;Ecole Primaire;гАчМяФгД гАлДФхМи;Extention;хДга чгзи згоМи;гАЦояси гАехйогфМи гАпяМзгй;2021;FADES;70 000,00
814113;Ecole Primaire;гАмглх;Extention;хДга щжга ймжМяМ;гАЦояси гАехйогфМи гАямМЦи;2018;FADES;120 000,00
812621;Ecole Primaire;гАсхМни;Extention;хДга ЦлЦФзи умМи;гАЦояси гАехйогфМи гАсФгъй;2018;FADES;150 000,00
814120;Ecole Primaire;гАмглх;Extention;хДга чгзйМ оягси;гАЦояси гАгхйогфМи гАсФогД;2018;FADES;140 000,00
814120;Ecole Primaire;гАмглх;Extention;хДга ЦьзЦ ЦоясМ;гАЦояси гАехйогфМи гАсФогД;2018;FADES;150 000,00
814120;Ecole Primaire;гАмглх;Extention;хДга ЦлЦФзи умМи;гАЦояси гАехйогфМи гАсФогД ;2018;FADES;150 000,00
814105;Ecole Primaire;гАмглх;Extention;хДга чгзгй згоМи;гАЦояси гАехйогфМи гАтФгтМ;2018;FADES;65 000,00
813121;Ecole Primaire;гАФсАгйМи;Extention;хДга ЦлЦФзи умМи;гАЦояси гАехйогфМи гАЦзгрМА ;2020;FADES;30 000,00
813121;Ecole Primaire;гАФсАгйМи;Extention;хДга щжга ймжМяМ;гАЦояси гАехйогфМи гАЦзгрМА ;2018;FADES;120 000,00
813112;Ecole Primaire;гАФсАгйМи;Extention;хДга цсМли;гАЦояси гАехйогфМи гАузгДМД;2018;FADES;30 000,00
814614;Ecole Primaire;ЦДрА гАЦЕМяМ;Extention;хДга ЦлЦФзи умМи;гАЦояси гАехйогфМи гАьФМАи;2018;FADES;30 000,00
813415;Ecole Primaire;гАзАг;Extention;хДга ЦьзЦ ЦоясМ;гАЦояси гАехйогфМи гАзяМхи;2018;FADES;150 000,00
812128;Ecole Primaire;гАчМяФгД гАтЦгАМи;Extention;хДга щжга ймжМяМ;гАЦояси гАехйогфМи гАшгхгй;2018;FADES;120 000,00
815111;Ecole Primaire;хФмлАи;Extention;хДга Фмогй умМи;гАЦояси гАехйогфМи  хфя ЦсМъМД;2018;FADES;150 000,00
814111;Ecole Primaire;гАмглх ;Extention;хДга щжга ймжМяМ;гАЦояси гАехйогфМи  цФАго зхгс;2018;FADES;120 000,00
815115;Ecole Primaire;хФмлАи;Extention;хДга Фмогй умМи;гАЦояси гАехйогфМи  пягз ЦяМяи;2018;FADES;150 000,00
812324;Ecole Primaire;гАтхМъи;Extention;хДга сМгл;гАЦояси гАехйогфМи  сМоМ зАМ хД сгАЦ;2018;FADES;30 000,00
812128;Ecole Primaire;гАчМяФгД гАтЦгАМи;Extention;ЦьзЦ ЦоясМ ;гАЦояси гАехйогфМи гАшгхгй;2018;FADES;120 000,00
813414;Ecole Primaire;гАзАг;Rehabilitation;уМгДи ЦлЦФзгй умМи;гАЦояси гАгхйогфМи гАшягхи гАзАг;2018;BT;33 000,00
814122;Ecole Primaire;гАмглх;Extention;хДга ЦлЦФзи умМи;гАЦояси гАехйогфМи гАщгясМи;2018;FADES;65 000,00
812137;Ecole Primaire;гАчМяФгД гАтЦгАМи;Extention;хДга ЦлЦФзи умМи;гАЦояси гАехйогфМи гАчьягДМи;2021;FADES;100 000,00
814103;Ecole Primaire;гАмглх;Rehabilitation;уМгДи згЦи;гАЦояси гАгхйогфМи гАЦхМй;2018;FADES;500 000,00
812334;Ecole Primaire;гАтхМъи;Extention;хДга ЦлЦФзи умМи;гАЦояси гАехйогфМи гАЦАгАси;2018;FADES;100 000,00
812218;Ecole Primaire;гАчМяФгД гАлДФхМи;Extention;хДга цсМли;гАЦояси гАехйогфМи гАДхт;2019;FADES;150 000,00
812218;Ecole Primaire;гАчМяФгД гАлДФхМи;Extention;хДга щжга ймжМяМ;гАЦояси гАехйогфМи гАДхт;2019;FADES;120 000,00
814624;Ecole Primaire;Дуя гААЕ;Extention;хДга ЦлЦФзи умМи;гАЦояси гАехйогфМи гАДлгм;2018;FADES;100 000,00
814604;Ecole Primaire;Дуя гААЕ;Rehabilitation;уМгДи ЦлЦФзгй умМи;гАЦояси гАгхйогфМи хфя гАсАгМЦМи;2018;BT;33 000,00
815105;Ecole Primaire;хФмлАи;Extention;хДга ЦлЦФзи умМи;гАЦояси гАехйогфМи хфя зАМ хД зЦгяи;2020;FADES;150 000,00
814627;Ecole Primaire;Дуя гААЕ;Extention;хДга ЦлЦФзи умМи;гАЦояси гАехйогфМи мМ гАзргзри;2018;FADES;45 000,00
815152;Ecole Primaire;хФмлАи;Extention;хДга ЦлЦФзи умМи;гАЦояси гАехйогфМи цФАго Цхгяъ;2018;FADES;150 000,00
814627;Ecole Primaire;Дуя гААЕ;Extention;хДга щжга ймжМяМ;гАЦояси гАехйогфМи мМ гАзргзри;2018;FADES;120 000,00
812213;Ecole Primaire;гАчМяФгД гАлДФхМи ;Extention;хДга ЦлЦФзи умМи; хяМъгй гАзячФх ;2019;FADES;30 000,00
812209;Ecole Primaire;гАчМяФгД гАлДФхМи ;Extention;хДга щжга ймжМяМ;гАЦояси гАехйогфМи мМ гАДуя;2019;FADES;120 000,00
813417;Ecole Primaire;гАзАг;Extention;хДга сМгл;гАЦояси гАехйогфМи гАщлгляМи;2019;FADES;20 000,00
813417;Ecole Primaire;гАзАг;Extention;ЦлЦФзи умМи ;гАЦояси гАехйогфМи гАщлгляМи;2019;FADES;30 000,00
813409;Ecole Primaire;гАзАг;Extention;хДга сМгл;гАЦояси гАехйогфМи гАЦяМчх ;2019;FADES;20 000,00
812214;Ecole Primaire;гАчМяФгД гАлДФхМи ;Extention;хДга ЦлЦФзи умМи;гАЦояси гАехйогфМи зМД гАнргрМи ;2020;FADES;30 000,00
813426;Ecole Primaire;гАзАг;Extention;хДга ЦлЦФзи умМи;гАЦояси гАехйогфМи уМгои гАтЦгАМи;2019;FADES;30 000,00
813416;Ecole Primaire;гАзАг;Extention;хДга ЦлЦФзи умМи;гАЦояси гАехйогфМи гАЦзЦяМи;2019;FADES;30 000,00
813409;Ecole Primaire;гАзАг;Extention;хДга ЦлЦФзи умМи;гАЦояси гАехйогфМи гАЦяМчх ;2019;FADES;30 000,00
813404;Ecole Primaire;гАзАг;Extention;хДга ЦлЦФзи умМи;гАЦояси гАехйогфМи гАЕДгтМя  ;2020;FADES;30 000,00
813404;Ecole Primaire;гАзАг;Extention;хДга чгзи згоМи ;гАЦояси гАехйогфМи гАЕДгтМя  ;2019;FADES;45 000,00
812316;Ecole Primaire;гАтхМъи;Extention;хДга сМгл;гАЦояси гАехйогфМи гАлФгФои гАЕогМи ;2019;FADES;20 000,00
812614;Ecole Primaire;гАсхМни ;Extention;ЦьзЦ ЦоясМ ;гАЦояси гАехйогфМи ЕДоМ гАрМйФДи ;2019;FADES;50 000,00
812614;Ecole Primaire;гАсхМни ;Extention;ЦлЦФзи умМи ;гАЦояси гАехйогфМи ЕДоМ гАрМйФДи ;2019;FADES;30 000,00
814611;Ecole Primaire;ЦДрА гАЦЕМяМ;Extention;хДга щжга ймжМяМ;гАЦояси гАехйогфМи ячФхи зАМ хД сзо ;2019;FADES;120 000,00
814611;Ecole Primaire;ЦДрА гАЦЕМяМ;Extention;ЦлЦФзи умМи ;гАЦояси гАехйогфМи ячФхи зАМ хД сзо ;2018;FADES;100 000,00
814114;Ecole Primaire;гАмглх;Extention;ЦлЦФзи умМи ;гАЦояси гАехйогфМи огя гАняМщ;2020;FADES;30 000,00
814114;Ecole Primaire;гАмглх;Extention;хДга щжга ймжМяМ;гАЦояси гАехйогфМи огя гАняМщ;2018;FADES;120 000,00
812609;Ecole Primaire;гАсхМни;Extention;хДга щжга ймжМяМ;гАЦояси гАехйогфМи огя хД згфти;2018;FADES;120 000,00
812219;Ecole Primaire;гАчМяФгД гАлДФхМи;Rehabilitation;уМгДи згЦи;гАЦояси гАгхйогфМи ячгои;2018;FADES;700 000,00
814615;Ecole Primaire;Дуя гААЕ;Rehabilitation;уМгДи ЦлЦФзгй умМи;гАЦояси гАгхйогфМи со хФячМхи;2018;BT;33 000,00
813617;Ecole Primaire;мщФр;Rehabilitation;уМгДи ЦлЦФзгй умМи;гАЦояси гАгхйогфМи зМД гАъоМи мщФр;2018;BT;33 000,00
812603;Ecole Primaire;гАсхМни;Rehabilitation;уМгДи згЦи;гАЦояси гАгхйогфМи зМД охгх;2018;FADES;500 000,00
812603;Ecole Primaire;гАсхМни;Extention;хДга щжга ймжМяМ;гАЦояси гАехйогфМи зМД охгх;2018;FADES;120 000,00
814104;Ecole Primaire;гАмглх;Extention;хДга ЦлЦФзи умМи;гАЦояси гАехйогфМи зМД ЦлФДи;2018;FADES;100 000,00
812304;Ecole Primaire;гАтхМъи;Rehabilitation;уМгДи ЦлЦФзгй умМи;гАЦояси гАгхйогфМи щл гАяФМсгй;2018;BT;33 000,00
812634;Ecole Primaire;гАсхМни ;Extention;хДга чгзи згоМи ;гАЦояси гАехйогфМи гАьягхАсМи;2019;FADES;45 000,00
813612;Ecole Primaire;мщФр;Extention;хДга чгзи згоМи ;гАЦояси гАехйогфМи цФАго нАщ гААЕ мщФр;2018;FADES;70 000,00
815153;Ecole Primaire;хФмлАи;Extention;хДга чгзи згоМи;гАЦояси гАехйогфМи чуя гАохгт;2018;FADES;70 000,00
815153;Ecole Primaire;хФмлАи;Extention;хДга ЦлЦФзи умМи;гАЦояси гАехйогфМи чуя гАохгт;2020;FADES;130 000,00
812212;Ecole Primaire;гАчМяФгД гАлДФхМи;Extention;хДга щжга ймжМяМ;гАЦояси гАехйогфМи Цяч гААМА;2019;FADES;120 000,00
814608;Ecole Primaire;Дуя гААЕ;Extention;хДга щжга ймжМяМ;гАЦояси гАгхйогфМи гАнхДи;2018;FADES;120 000,00
813406;Ecole Primaire;гАзАг;Extention;ЦлЦФзгй умМи;гАЦояси гАехйогфМи гАячМ;2018;FADES;100 000,00
814608;Ecole Primaire;Дуя гААЕ;Extention;ЦлЦФзгй умМи;гАЦояси гАгхйогфМи гАнхДи;2018;FADES;100 000,00
814609;Ecole Primaire;ЦДрА гАЦЕМяМ;Extention;ЦлЦФзгй умМи;гАЦояси гАгхйогфМи ЦДрА гАЦЕМяМ1;2018;FADES;30 000,00
814609;Ecole Primaire;ЦДрА гАЦЕМяМ;Rehabilitation;уМгДи чгзи;гАЦояси гАгхйогфМи ЦДрА гАЦЕМяМ 1;2018;BT;33 000,00
813402;College;гАзАг;Rehabilitation;уМгДи згЦи;гАЦояси гАгзогоМи гАзАг;2018;BT;200 000,00
813607;College;мщФр;Extention;хДга чгзгй Цнйуи;гАЦояси гАгзогоМи мМ гАрМгйМД;2018;BT;70 000,00
815111;Lycee;хФмлАи;Rehabilitation;уМгДи згЦи;ЦзЕо хФмлАи;2018;BEI;500 000,00
813608;Lycee;мщФр;Extention;хДга Фмогй умМи;ЦзЕо мщФр;2018;BT;100 000,00
814610;Lycee;Дуя гААЕ;Rehabilitation;уМгДи згЦи;ЦзЕо Дуя гААЕ;2018;BT;500 000,00
813411;Ecole Primaire;гАзАг;Extention;хДга Фмогй умМи;гАЦояси гАехйогфМи 20 Цгяс гАохгхти;2019;FADES;30 000,00
815129;Ecole Primaire;хФмлАи;Extention;хДга 4чгзгй згоМи;гАЦояси гАехйогфМи гхД нАоФД;2019;FADES;180 000,00
813105;Ecole Primaire;гАФсАгйМи ;Extention;ЦлЦФзи умМи ;гАЦояси гАехйогфМи гАчЦхФяи ;2019;FADES;30 000,00
812146;Ecole Primaire;гАчМяФгД гАтЦгАМи;Extention;хДга чгзгй згоМи;гАЦояси гАехйогфМи гхД зящи;2019;FADES;45 000,00
815119;Ecole Primaire;хФмлАи;Rehabilitation;уМгДи згЦи;гАЦояси гАгхйогфМи гАгроЕгя;2020;PREFAT;250 000,00
815119;Ecole Primaire;хФмлАи;Extention;хДга щжга ймжМяМ;гАЦояси гАгхйогфМи гАгроЕгя;2020;PREFAT;120 000,00
812120;Ecole Primaire;гАчМяФгД гАтЦгАМи;Extention;хДга Фмогй умМи;гАЦояси гАехйогфМи гАцшгАхи;2019;FADES;30 000,00
812224;Ecole Primaire;гАчМяФгД гАлДФхМи;Extention;хДга Фмогй умМи;гАЦояси гАехйогфМи гАйхгД 1;2019;FADES;30 000,00
814117;Ecole Primaire;гАмглх;Extention;хДга чгзгй згоМи;гАЦояси гАехйогфМи гАмлгл;2019;FADES;45 000,00
814117;Ecole Primaire;гАмглх;Extention;хДга Фмогй умМи;гАЦояси гАехйогфМи гАмлгл;2019;FADES;30 000,00
813618;Ecole Primaire;мщФр;Rehabilitation;уМгДи згЦи;гАЦояси гАгхйогфМи гАмяти;2020;PREFAT;250 000,00
813618;Ecole Primaire;мщФр;Extention;хДга щжга ймжМяМ;гАЦояси гАгхйогфМи гАмяти;2020;PREFAT;120 000,00
813122;Ecole Primaire;гАФсАгйМи;Extention;хДга Фмогй умМи;гАЦояси гАехйогфМи гАмяМи;2019;FADES;30 000,00
813117;Ecole Primaire;гАФсАгйМи;Extention;хДга Фмогй умМи;гАЦояси гАехйогфМи гАмсМгД;2019;FADES;30 000,00
812615;Ecole Primaire;гАсхМни;Extention;хДга сМгл;гАЦояси гАгхйогфМи гАсхгяи;2019;FADES;20 000,00
814607;Ecole Primaire;ЦДрА гАЦЕМяМ;Rehabilitation;уМгДи згЦи;гАЦояси гАгхйогфМи гАмЦМогй;2019;FADES;650 000,00
814607;Ecole Primaire;ЦДрА гАЦЕМяМ;Extention;хДга щжга ймжМяМ;гАЦояси гАехйогфМи гАмЦМогй;2019;FADES;120 000,00
812223;Ecole Primaire;гАчМяФгД гАлДФхМи;Extention;хДга щжга ймжМяМ;гАЦояси гАехйогфМи гАмДхгр;2019;FADES;120 000,00
812148;Ecole Primaire;гАчМяФгД гАтЦгАМи;Extention;ЦлЦФзи умМи ;гАЦояси гАехйогфМи гАумгхМ 2;2019;FADES;30 000,00
812148;Ecole Primaire;гАчМяФгД гАтЦгАМи;Extention;хДга щжга ймжМяМ;гАЦояси гАехйогфМи гАумгхМ 2;2019;FADES;120 000,00
812216;Ecole Primaire;гАчМяФгД гАлДФхМи;Extention;хДга ЦьзЦ;гАЦояси гАехйогфМи гАнжяга;2019;FADES;50 000,00
814120;Ecole Primaire;гАмглх;Rehabilitation;уМгДи згЦи;гАЦояси гАгхйогфМи гАсФогД;2019;FADES;500 000,00
812215;Ecole Primaire;гАчМяФгД гАлДФхМи;Extention;хДга щжга ймжМяМ;гАЦояси гАехйогфМи гАтячМи;2019;FADES;12000000%
815617;Ecole Primaire;гАтягяои;Extention;хДга щжга ймжМяМ;гАЦояси гАехйогфМи гАзхгМоМи;2019;FADES;120 000,00
815617;Ecole Primaire;гАтягяои;Extention;хДга Фмогй умМи;гАЦояси гАехйогфМи гАзхгМоМи;2019;FADES;30000
815155;Ecole Primaire;хФмлАи;Extention;хДга щжга ймжМяМ;гАЦояси гАехйогфМи гАзргоДМи;2019;FADES;120 000,00
813603;Ecole Primaire;мщФр ;Extention;уМгДи  Фмогй умМи;гАЦояси гАгхйогфМи  зМД шягх ;2020;Secours_Islamique;30 000,00
812141;Ecole Primaire;гАчМяФгД гАтЦгАМи ;Rehabilitation;уМгДи  Фмогй умМи;гАЦояси гАгхйогфМи гАЦягрМч ;2020;Secours_Islamique;30 000,00
813419;Ecole Primaire;гАзАг;Rehabilitation;уМгДи  Фмогй умМи;гАЦояси гАгхйогфМи гАьгЕя ущя ;2020;Secours_Islamique;30 000,00
812305;Ecole Primaire;гАтхМъи ;Extention;уМгДи  Фмогй умМи;гАЦояси гАгхйогфМи зхМои гАтячМи ;2020;Secours_Islamique;30 000,00
812311;Ecole Primaire;гАтхМъи ;Extention;хДга Фмогй умМи;гАЦояси гАгхйогфМи зхМои гАшяхМи ;2019;FADES;30 000,00
812608;Ecole Primaire;гАсхМни;Extention;хДга Фмогй умМи;гАЦояси гАгхйогфМи гАтящи ;2019;FADES;30 000,00
812605;Ecole Primaire;гАсхМни;Extention;хДга Фмогй умМи;гАЦояси гАехйогфМи гАзФМки;2019;FADES;30 000,00
812128;Ecole Primaire;гАчМяФгД гАтЦгАМи;Rehabilitation;уМгДи згЦи;гАЦояси гАгхйогфМи гАшгхгй;2019;FADES;1 205 000,00
815117;Ecole Primaire;хФмлАи;Rehabilitation;уМгДи згЦи;гАЦояси гАгхйогфМи гАчьМщи;2020;PREFAT;250 000,00
812131;Ecole Primaire;гАчМяФгД гАтЦгАМи;Extention;хДга Цъйх ЦоМя;гАЦояси гАехйогфМи гАЦйхсьи;2019;FADES;20 000,00
812217;Ecole Primaire;гАчМяФгД гАлДФхМи;Extention;хДга чгзгй згоМи;гАЦояси гАехйогфМи гАЦнуФЦи;2019;FADES;45 000,00
815149;Ecole Primaire;хФмлАи;Rehabilitation;уМгДи згЦи;гАЦояси гАгхйогфМи гАЦзящи;2019;FADES;700 000,00
815626;Ecole Primaire;гАтягяои;Extention;хДга щжга ймжМяМ;гАЦояси гАехйогфМи гАЦДгяи;2019;FADES;120 000,00
812147;Ecole Primaire;гАчМяФгД гАтЦгАМи;Extention;хДга Фмогй умМи;гАЦояси гАехйогфМи гАЦДтМи 2;2019;FADES;30 000,00
812216;Ecole Primaire;гАчМяФгД гАлДФхМи;Creation;гмогк;гАЦояси гАехйогфМи гАЦДьчи гАнжяга;2019;FADES;600 000,00
812125;Ecole Primaire;гАчМяФгД гАтЦгАМи;Extention;хДга Фмогй умМи;гАЦояси гАехйогфМи гАятго гАхгьД ;2020;FADES;30 000,00
812107;Ecole Primaire;гАчМяФгД гАтЦгАМи;Extention;хДга щжга ймжМяМ;гАЦояси гАехйогфМи гАЕоЛ;2019;FADES;120 000,00
815108;Ecole Primaire;хФмлАи;Extention;хДга Фмогй умМи;гАЦояси гАехйогфМи хфя гАоФАи;2019;FADES;30 000,00
815605;Ecole Primaire;гАтягяои;Extention;хДга Фмогй умМи;гАЦояси гАехйогфМи хфя гАФущгД;2019;FADES;30 000,00
815605;Ecole Primaire;гАтягяои;Rehabilitation;уМгДи згЦи;гАЦояси гАгхйогфМи хМя гАФущгД ;2019;FADES;550 000,00
813124;Ecole Primaire;гАФсАгйМи;Rehabilitation;уМгДи згЦи;гАЦояси гАгхйогфМи мМ гАуДФхя;2020;PREFAT;250 000,00
813124;Ecole Primaire;гАФсАгйМи;Extention;хДга щжга ймжМяМ;гАЦояси гАгхйогфМи мМ гАуДФхя;2020;PREFAT;120 000,00
812231;Ecole Primaire;гАчМяФгД гАлДФхМи;Creation;гмогк;гАЦояси гАехйогфМи мМ смДФД;2019;FADES;600 000,00
812127;Ecole Primaire;гАчМяФгД гАтЦгАМи;Extention;хДга цсМли;гАЦояси гАехйогфМи пягз гАйЦгя;2019;FADES;20 000,00
812219;Ecole Primaire;гАчМяФгД гАлДФхМи;Extention;хДга щжга ймжМяМ;гАЦояси гАехйогфМи ячгои;2019;FADES;120 000,00
812207;Ecole Primaire;гАчМяФгД гАлДФхМи;Extention;хДга щжга ймжМяМ;гАЦояси гАехйогфМи ухяи;2019;FADES;120 000,00
812145;Ecole Primaire;гАчМяФгД гАтЦгАМи;Extention;хДга Фмогй умМи;гАЦояси гАехйогфМи зчхи гхД Дгщз;2019;FADES;30 000,00
812222;Ecole Primaire;гАчМяФгД гАлДФхМи;Rehabilitation;уМгДи згЦи;гАЦояси гАгхйогфМи ЕДтМя хМтМ;2019;FADES;500 000,00
812222;Ecole Primaire;гАчМяФгД гАлДФхМи;Extention;хДга ЦьзЦ;гАЦояси гАехйогфМи ЕДтМя хМтМ;2019;FADES;50 000,00
812222;Ecole Primaire;гАчМяФгД гАлДФхМи;Extention;хДга щжга ймжМяМ;гАЦояси гАехйогфМи ЕДтМя хМтМ;2019;FADES;120 000,00
815139;Ecole Primaire;хФмлАи;Extention;хДга Фмогй умМи;гАЦояси гАехйогфМи20 Цгяс 1956;2019;FADES;30 000,00
813411;Ecole Primaire;гАзАг;Extention;хДга цсМли;гАЦояси гАехйогфМи20 Цгяс гАохгхти;2019;FADES;20 000,00
815129;Ecole Primaire;хФмлАи;Extention;хДга щжга ймжМяМ;гАЦояси гАгхйогфМи гхД нАоФД хФмлАи;2019;FADES;120 000,00
812216;Ecole Primaire;гАчМяФгД гАлДФхМи;Extention;хДга чгзгй згоМи;гАЦояси гАехйогфМигАнжяга ;2019;FADES;45 000,00
813415;Ecole Primaire;гАзАг;Extention;хДга Фмогй умМи;гАЦояси гАехйогфМигАзяМхи;2019;FADES;30 000,00
814122;Ecole Primaire;гАмглх;Extention;хДга щжга ймжМяМ;гАЦояси гАехйогфМигАщгясМи;2019;FADES;120 000,00
813101;Ecole Primaire;гАФсАгйМи;Extention;хДга щжга ймжМяМ;гАЦояси гАехйогфМимтго;2018;FADES;120 000,00
814118;Ecole Primaire;гАмглх;Extention;хДга щжга ймжМяМ;гАЦояси гАехйогфМизМки гАДсга;2019;FADES;120 000,00
812303;College;гАтхМъи;Extention;хДга Фмогй умМи ;гАЦояси гАезогоМи сМоМ зАМ хД сгАЦ;2019;BT;250 000,00
814608;College;Дуя гААЕ;Extention;хДга чгзи Цяглзи;гАЦояси гАезогоМи Дуя гААЕ;2019;BT;90 000,00
812108;Lycee;гАчМяФгД гАтЦгАМи;Extention;хДга 2 чгзгй згоМи;гАЦзЕо гАДЦФплМ;2019;BT;250 000,00
813604;Ecole Primaire;мщФр;Rehabilitation;уМгДи гАЦлЦФзгй гАумМи ;  гАЦояси гАгхйогфМи зМД ргДи ;2019;Secours_Islamique;30 000,00
813605;Ecole Primaire;мщФр;Rehabilitation;уМгДи гАЦлЦФзгй гАумМи ;  гАЦояси гАгхйогфМи гАзгАМи ;2019;Secours_Islamique;30 000,00
813624;Ecole Primaire;мщФр;Rehabilitation;уМгДи гАЦлЦФзгй гАумМи ;  гАЦояси гАгхйогфМи гАрхгяи ;2020;Secours_Islamique;30 000,00
813618;Ecole Primaire;мщФр;Rehabilitation;уМгДи гАЦлЦФзгй гАумМи ;  гАЦояси гАгхйогфМи гАмяти;2019;Secours_Islamique;30 000,00
814106;Ecole Primaire;гАмглх;Rehabilitation;уМгДи гАЦлЦФзгй гАумМи ;  гАЦояси гАгхйогфМи гАсяли ;2019;Secours_Islamique;30 000,00
815144;Ecole Primaire;хФмлАи;Rehabilitation;уМгДи гАЦлЦФзгй гАумМи ; гАЦояси гАгхйогфМи гАзФгчхМи ;2019;Secours_Islamique;30 000,00
815148;Ecole Primaire;хФмлАи;Rehabilitation;уМгДи гАЦлЦФзгй гАумМи ; гАЦояси гАгхйогфМи щяч гАуМФои ;2019;Secours_Islamique;30 000,00
815105;Ecole Primaire;хФмлАи;Rehabilitation;уМгДи гАЦлЦФзгй гАумМи ; гАЦояси гАгхйогфМи хфя зАМ хД зЦгяи ;2019;Secours_Islamique;30 000,00
815158;Ecole Primaire;хФмлАи;Rehabilitation;уМгДи гАЦлЦФзгй гАумМи ; гАЦояси гАгхйогфМи хфя хягчи ;2019;Secours_Islamique;30 000,00
815109;Ecole Primaire;хФмлАи;Rehabilitation;уМгДи гАЦлЦФзгй гАумМи ; гАЦояси гАгхйогфМи хфя гАлоМо;2019;Secours_Islamique;30 000,00
815115;Ecole Primaire;хФмлАи;Rehabilitation;уМгДи гАЦлЦФзгй гАумМи ; гАЦояси гАгхйогфМи пягз ЦяМяи ;2019;Secours_Islamique;30 000,00
813623;Ecole Primaire;мщФр;Extention;хДга сМгл; гАЦояси гАгхйогфМигАзДч ;2020;FADES;40 000,00
813620;Ecole Primaire;мщФр ;Extention; гАЦлЦФзгй гАумМи ; гАЦояси гАгхйогфМи гФАго нАМщ ;2020;FADES;30 000,00
814110;Ecole Primaire;гАмглх ;Extention; гАЦлЦФзгй гАумМи ; гАЦояси гАгхйогфМи гАЦДгси ;2020;FADES;30 000,00
813616;Ecole Primaire;мщФр ;Extention; гАЦлЦФзгй гАумМи ; гАЦояси гАгхйогфМи гАъйМщгй ;2020;FADES;30 000,00
814116;Ecole Primaire;гАмглх ;Extention; гАЦлЦФзгй гАумМи ; гАЦояси гАгхйогфМи гАзДМргй ;2020;FADES;30 000,00
814115;Ecole Primaire;гАмглх ;Extention; гАЦлЦФзгй гАумМи ; гАЦояси гАгхйогфМи гАошМЦи ;2020;FADES;30 000,00
815134;Ecole Primaire;хФмлАи;Extention;хДга щжга ймжМяМ; гАЦояси гАгхйогфМи гАяЦгжДМи;2020;FADES;120 000,00
815134;Ecole Primaire;хФмлАи;Extention;чгзи згоМи ; гАЦояси гАгхйогфМи гАяЦгжДМи;2020;FADES;45 000,00
815134;Ecole Primaire;хФмлАи;Rehabilitation;уМгДи гАЦлЦФзгй гАумМи ; гАЦояси гАгхйогфМи гАяЦгжДМи;2019;Secours_Islamique;30 000,00
813111;Ecole Primaire;гАФсАгйМи ;Rehabilitation;уМгДи гАЦлЦФзгй гАумМи ; гАЦояси гАгхйогфМи Фго гАчух ;2019;Secours_Islamique;30 000,00
813110;Ecole Primaire;гАФсАгйМи ;Rehabilitation;уМгДи гАЦлЦФзгй гАумМи ; гАЦояси гАгхйогфМи гАгхМяи;2019;Secours_Islamique;30 000,00
812225;Ecole Primaire;гАчМяФгД гАлДФхМи ;Rehabilitation;уМгДи гАЦлЦФзгй гАумМи ; гАЦояси гАгхйогфМи гАмЦгЦ ;2019;Secours_Islamique;30 000,00
812212;Ecole Primaire;гАчМяФгД гАлДФхМи ;Rehabilitation;уМгДи гАЦлЦФзгй гАумМи ; гАЦояси гАгхйогфМи Цяч гАМА ;2019;Secours_Islamique;30 000,00
813424;Ecole Primaire;гАзАг;Rehabilitation;уМгДи гАЦлЦФзгй гАумМи ; гАЦояси гАгхйогфМи ьяри гАтЦгАМи ;2019;Secours_Islamique;30 000,00
815608;Ecole Primaire;гАтягяои ;Rehabilitation;уМгДи гАЦлЦФзгй гАумМи ; гАЦояси гАгхйогфМи гАгоФгр ;2019;Secours_Islamique;30 000,00
812329;Ecole Primaire;гАтхМъи ;Rehabilitation;уМгДи гАЦлЦФзгй гАумМи ; гАЦояси гАгхйогфМи гАщяглДМи ;2019;Secours_Islamique;30 000,00
812336;Ecole Primaire;гАтхМъи ;Rehabilitation;уМгДи гАЦлЦФзгй гАумМи ;гАЦояси гАгхйогфМи гАчФгрМД;2019;Secours_Islamique;30 000,00
815111;Lycee;хФмлАи;Rehabilitation;уМгДи згЦи;ЦхМй ЦзЕо хФмлАи;2019;BEI;490 000,00
812121;Lycee;гАчМяФгД гАтЦгАМи;Extention;хДга чгзгй Цнйуи+чгзи Цяглзи ;ЦзЕо гАхгьД;2019;BT;420 000,00
812608;Ecole Primaire;гАсхМни;Rehabilitation;уМгДи гАЦлЦФзгй гАумМи ;гАЦояси гАгхйогфМи гАтящи ;2019;Secours_Islamique;30 000,00
813107;Ecole Primaire;гАФсАгйМи;Rehabilitation;уМгДи гАЦлЦФзгй гАумМи ;гАЦояси гАгхйогфМи чуя АЦси;2019;Secours_Islamique;30 000,00
813624;Ecole Primaire;мщФр;Rehabilitation;уМгДи гАЦлЦФзгй гАумМи ;гАЦояси гАгхйогфМи гАрхгяи;2019;Secours_Islamique;30 000,00
813120;Ecole Primaire;гАФсАгйМи;Rehabilitation;уМгДи гАЦлЦФзгй гАумМи ;гАЦояси гАгхйогфМи ршоФо;2019;Secours_Islamique;30 000,00
813131;Ecole Primaire;гАФсАгйМи;Rehabilitation;уМгДи гАЦлЦФзгй гАумМи ;гАЦояси гАгхйогфМи гАьгФси;2019;Secours_Islamique;30 000,00
813609;Ecole Primaire;мщФр;Rehabilitation;уМгДи гАЦлЦФзгй гАумМи ;гАЦояси гАгхйогфМи нМь гАФгоМ;2019;Secours_Islamique;30 000,00
815111;Lycee;хФмлАи;Rehabilitation;уМгДи згЦи;ЦзЕо хФмлАи;2019;BEI;500 000,00
814621;Ecole Primaire;Дуя гААЕ;Extention;хДга щжга ймжМяМ;гАЦояси гАехйогфМи  цхФ гАчгсЦ гАтгхМ;2020;PREFAT;120 000,00
813110;Ecole Primaire;гАФсАгйМи;Extention;хДга щжга ймжМяМ;гАЦояси гАехйогфМи  гАцхМяи;2020;PREFAT;120 000,00
815608;Ecole Primaire;гАтягяои;Extention;хДга щжга ймжМяМ;гАЦояси гАехйогфМи  гАцоФгр ЦярФч гАщян;2022;PREFAT;120 000,00
815615;Ecole Primaire;гАтягяои;Extention;хДга щжга ймжМяМ;гАЦояси гАехйогфМи  гАцЦА;2022;PREFAT;120 000,00
814625;Ecole Primaire;Дуя гААЕ;Extention;хДга щжга ймжМяМ;гАЦояси гАехйогфМи  гАлЦгА;2020;PREFAT;120 000,00
815616;Ecole Primaire;хФмлАи;Extention;хДга щжга ймжМяМ;гАЦояси гАехйогфМи  гАчузгй;2022;PREFAT;120 000,00
815616;Ecole Primaire;гАтягяои;Extention;хДга щжга ймжМяМ;гАЦояси гАехйогфМи  гАмягМяМи;2022;PREFAT;120 000,00
812611;Ecole Primaire;гАсхМни;Extention;хДга щжга ймжМяМ;гАЦояси гАехйогфМи  гАпяМзгй;2020;PREFAT;120 000,00
812638;Ecole Primaire;гАсхМни;Extention;хДга щжга ймжМяМ;гАЦояси гАехйогфМи  гАяФгФДи;2020;PREFAT;120 000,00
812323;Ecole Primaire;гАтхМъи;Extention;хДга щжга ймжМяМ;гАЦояси гАехйогфМи  гАяФМсгй;2020;PREFAT;120 000,00
815151;Ecole Primaire;хФмлАи;Extention;хДга сМгл;гАЦояси гАехйогфМи  гАсЕгМАМи;2019;FADES;20 000,00
815151;Ecole Primaire;хФмлАи;Extention;ЦлЦФзи умМи ;гАЦояси гАехйогфМи  гАсЕгМАМи;2019;FADES;30 000,00
812621;Ecole Primaire;гАсхМни;Extention;хДга щжга ймжМяМ;гАЦояси гАехйогфМи  гАсФгъй;2021;PREFAT;120 000,00
812335;Ecole Primaire;гАтхМъи;Extention;хДга щжга ймжМяМ;гАЦояси гАехйогфМи  гАуФгАмМи;2020;PREFAT;120 000,00
813114;Ecole Primaire;гАтягяои;Extention;хДга щжга ймжМяМ;гАЦояси гАехйогфМи  гАьМх гАЦЕМяМ;2022;PREFAT;120 000,00
815102;Ecole Primaire;хФмлАи;Extention;хДга щжга ймжМяМ;гАЦояси гАехйогфМи  гАщйм хФ млАи;2020;PREFAT;120 000,00
812636;Ecole Primaire;гАсхМни;Extention;хДга щжга ймжМяМ;гАЦояси гАехйогфМи  гАщяМФгй;2020;PREFAT;120 000,00
815117;Ecole Primaire;хФмлАи;Extention;хДга щжга ймжМяМ;гАЦояси гАехйогфМи  гАчьМщи;2020;PREFAT;120 000,00
812334;Ecole Primaire;гАтхМъи;Extention;хДга щжга ймжМяМ;гАЦояси гАехйогфМи  гАЦАгАси;2020;PREFAT;120 000,00
815626;Ecole Primaire;гАтягяои;Extention;хДга чгзгй згоМи;гАЦояси гАехйогфМи  гАЦДгяи;2020;FADES;45 000,00
812332;Ecole Primaire;гАтхМъи;Extention;хДга щжга ймжМяМ;гАЦояси гАехйогфМи  гАДлгм;2020;PREFAT;120 000,00
814624;Ecole Primaire;Дуя гААЕ;Extention;хДга щжга ймжМяМ;гАЦояси гАехйогфМи  гАДлгм Дуя гААЕ;2020;PREFAT;120 000,00
813116;Ecole Primaire;гАФсАгйМи;Extention;хДга щжга ймжМяМ;гАЦояси гАехйогфМи  цФАго зМгя;2021;PREFAT;120 000,00
815152;Ecole Primaire;хФмлАи;Extention;хДга щжга ймжМяМ;гАЦояси гАехйогфМи  цФАго Цхгяъ;2022;PREFAT;120 000,00
815613;Ecole Primaire;гАтягяои;Extention;хДга щжга ймжМяМ;гАЦояси гАехйогфМи  хфя гАщМж;2020;PREFAT;120 000,00
813125;Ecole Primaire;гАФсАгйМи ;Extention;ЦлЦФзи умМи ;гАЦояси гАехйогфМи гАчАМзи ;2020;FADES;30 000,00
813113;Ecole Primaire;гАФсАгйМи ;Extention;ЦлЦФзи умМи ;гАЦояси гАехйогфМи  сМоМ зЦгяи ;2020;FADES;30 000,00
813113;Ecole Primaire;гАФсАгйМи ;Rehabilitation;уМгДи ;гАЦояси гАехйогфМи  сМоМ зЦгяи ;2020;FADES;200 000,00
812310;Ecole Primaire;гАтхМъи;Extention;хДга щжга ймжМяМ;гАЦояси гАехйогфМи  пягз зщгД;2020;PREFAT;120 000,00
812607;Ecole Primaire;гАсхМни;Rehabilitation;уМгДи згЦи;гАЦояси гАехйогфМи  сяоМгДи;2020;PREFAT;250 000,00
812607;Ecole Primaire;гАсхМни;Extention;хДга щжга ймжМяМ ;гАЦояси гАехйогфМи  сяоМгДи;2020;PREFAT;120 000,00
815148;Ecole Primaire;хФмлАи;Extention;хДга щжга ймжМяМ;гАЦояси гАехйогфМи  щяч гАуМФои;2020;PREFAT;120 000,00
813118;Ecole Primaire;гАФсАгйМи ;Rehabilitation;уМгДи гАЦлЦФзи гАумМи ;гАЦояси гАехйогфМи сМоМ гАяМЦгДМ;2020;Secours_Islamique;30 000,00
812637;Ecole Primaire;гАсхМни;Rehabilitation;уМгДи гАЦлЦФзи гАумМи ;гАЦояси гАехйогфМи  щжАФД;2020;Secours_Islamique;30 000,00
812303;Ecole Primaire;гАтхМъи;Extention;хДга щжга ймжМяМ;гАЦояси гАехйогфМи  чяМи гАЕФгях;2020;PREFAT;120 000,00
814609;Ecole Primaire;ЦДрА гАЦЕМяМ;Extention;хДга щжга ймжМяМ;гАЦояси гАехйогфМи  ЦДрА гАЦЕМяМ 02;2020;PREFAT;120 000,00
814621;Ecole Primaire;Дуя гААЕ;Rehabilitation;уМгДи згЦи;гАЦояси гАгхйогфМи цхФ гАчгсЦ гАтгхМ;2020;PREFAT;250 000,00
813110;Ecole Primaire;гАФсАгйМи;Rehabilitation;уМгДи згЦи;гАЦояси гАгхйогфМи гАцхМяи;2020;PREFAT;250 000,00
812125;Ecole Primaire;гАчМяФгД гАтЦгАМи;Extention;хДга Фмогй умМи;гАЦояси гАехйогфМи гАхгьД;2020;FADES;30 000,00
814625;Ecole Primaire;Дуя гААЕ;Rehabilitation;уМгДи згЦи;гАЦояси гАгхйогфМи гАлЦгА;2020;PREFAT;250 000,00
814117;Ecole Primaire; гАмглх ;Extention; хДга чгзгй згоМи ;гАЦояси гАехйогфМи гАмлгл;2020; FADES ;45 000,00
812611;Ecole Primaire;гАсхМни;Rehabilitation;уМгДи згЦи;гАЦояси гАгхйогфМи гАпяМзгй;2020;PREFAT;250 000,00
814113;Ecole Primaire;гАмглх;Extention;хДга Фмогй умМи;гАЦояси гАехйогфМи гАямМЦи;2020;FADES;30 000,00
812638;Ecole Primaire;гАсхМни;Rehabilitation;уМгДи згЦи;гАЦояси гАгхйогфМи гАяФгФДи;2020;PREFAT;250 000,00
812323;Ecole Primaire;гАтхМъи;Rehabilitation;уМгДи згЦи;гАЦояси гАгхйогфМи гАяФМсгй;2020;PREFAT;250 000,00
813119;Ecole Primaire;гАФсАгйМи;Extention;хДга щжга ймжМяМ;гАЦояси гАехйогфМи гАсял;2021;PREFAT;120 000,00
812215;Ecole Primaire;гАчМяФгД гАлДФхМи;Extention;хДга Фмогй умМи;гАЦояси гАехйогфМи гАтячМи;2020;FADES;30 000,00
813606;Ecole Primaire;мщФр;Rehabilitation;уМгДи згЦи;гАЦояси гАгхйогфМи гАтяМтМяи;2020;PREFAT;250 000,00
813606;Ecole Primaire;мщФр;Extention;хДга щжга ймжМяМ;гАЦояси гАехйогфМи гАтяМтМяи;2020;PREFAT;120 000,00
813112;Ecole Primaire;гАФсАгйМи;Extention;ЦлЦФзи умМи ;гАЦояси гАгхйогфМи гАузгДМД;2020;FADES;30 000,00
813112;Ecole Primaire;гАФсАгйМи;Rehabilitation;уМгДи згЦи;гАЦояси гАгхйогфМи гАузгДМД;2020;FADES;250 000,00
812335;Ecole Primaire;гАтхМъи;Rehabilitation;уМгДи згЦи;гАЦояси гАгхйогфМи гАуФгАмМи;2020;PREFAT;250 000,00
813130;Ecole Primaire;гАФсАгйМи;Extention;хДга щжга ймжМяМ;гАЦояси гАехйогфМи гАзкгЦДМи;2022;PREFAT;120 000,00
814610;Ecole Primaire;Дуя гААЕ;Rehabilitation;уМгДи згЦи;гАЦояси гАгхйогфМи ячФхи гАмЦяга ;2020;FADES;100 000,00
814602;Ecole Primaire;Дуя гААЕ;Rehabilitation;уМгДи згЦи;гАЦояси гАгхйогфМи гАзлгхДи;2020;FADES;100 000,00
815603;Ecole Primaire;гАтягяои;Rehabilitation;уМгДи згЦи;гАЦояси гАгхйогфМи гАзФгМо;2020;FADES;500 000,00
815102;Ecole Primaire;хФмлАи;Rehabilitation;уМгДи згЦи;гАЦояси гАгхйогфМи гАщйм хФмлАи;2020;PREFAT;250 000,00
812636;Ecole Primaire;гАсхМни;Rehabilitation;уМгДи згЦи;гАЦояси гАгхйогфМи гАщяМФгй;2020;PREFAT;250 000,00
815131;Ecole Primaire;хФмлАи;Extention;хДга чгзгй згоМи;гАЦояси гАехйогфМи гААхМи;2020;FADES;45 000,00
815131;Ecole Primaire;хФмлАи;Extention;хДга Фмогй умМи;гАЦояси гАехйогфМи гААхМи;2020;FADES;30 000,00
814103;Ecole Primaire;гАмглх;Extention;хДга цсМли;гАЦояси гАехйогфМи гАЦхМй ;2020;FADES;40 000,00
812131;Ecole Primaire;гАчМяФгД гАтЦгАМи;Extention;хДга щжга ймжМяМ;гАЦояси гАехйогфМи гАЦйхсьи;2019;FADES;120 000,00
812217;Ecole Primaire;гАчМяФгД гАлДФхМи;Extention;хДга Фмогй умМи;гАЦояси гАехйогфМи гАЦнуФЦи;2020;FADES;30 000,00
812217;Ecole Primaire;гАчМяФгД гАлДФхМи;Extention;хДга цсМли;гАЦояси гАехйогфМи гАЦнуФЦи;2020;FADES;40 000,00
812618;Ecole Primaire;гАсхМни ;Extention;ЦлЦФзи умМи ;гАЦояси гАгхйогфМи щьДгси ;2020;FADES;30 000,00
812606;Ecole Primaire;гАсхМни ;Extention;сМгл ;гАЦояси гАгхйогфМи гАхАгьи ;2020;FADES;46 000,00
813622;Ecole Primaire;мщФр;Extention;щжга ймжМяМ ;гАЦояси гАгхйогфМи гАЦягМмМи;2020;FADES;120 000,00
813622;Ecole Primaire;мщФр;Rehabilitation;уМгДи згЦи;гАЦояси гАгхйогфМи гАЦягМмМи;2019;FADES;700 000,00
812334;Ecole Primaire;гАтхМъи;Rehabilitation;уМгДи згЦи;гАЦояси гАгхйогфМи гАЦАгАси;2020;PREFAT;250 000,00
812332;Ecole Primaire;гАтхМъи;Rehabilitation;уМгДи згЦи;гАЦояси гАгхйогфМи гАДлгм;2020;PREFAT;250 000,00
814624;Ecole Primaire;Дуя гААЕ;Rehabilitation;уМгДи згЦи;гАЦояси гАгхйогфМи гАДлгм Дуя гААЕ;2020;PREFAT;250 000,00
813626;Ecole Primaire;мщФр;Rehabilitation;уМгДи згЦи;гАЦояси гАгхйогфМи цФАго гАзМсгФМ;2020;PREFAT;250 000,00
813626;Ecole Primaire;мщФр;Extention;хДга щжга ймжМяМ;гАЦояси гАехйогфМи цФАго гАзМсгФМ;2020;PREFAT;120 000,00
818181;Ecole Primaire;хФмлАи;Creation;гмогк;гАЦояси гАгхйогфМи хФмлАи гАЦяър 2;2020;FADES;600 000,00
815106;Ecole Primaire;хФмлАи;Extention;хДга Фмогй умМи;гАЦояси гАехйогфМи хфя цмЦо;2020;FADES;30 000,00
815613;Ecole Primaire;гАтягяои;Rehabilitation;уМгДи згЦи;гАЦояси гАгхйогфМи хфя гАщМж;2020;PREFAT;250 000,00
813201;Lycee;гАФсАгйМи;Creation;гмогк;ЦхМй ЦзЕо зМД лАФАи;2023;BT;100 000,00
813609;College;мщФр;Creation;гмогк;гАЦояси гАезогоМи мщФр;2023;BT;285 000,00
818181;College;хФмлАи ;Creation;гмогк;гАЦояси гАезогоМи хФмлАи;2023;BT;285 000,00
818181;Ecole Primaire;гАзАг;Creation;гмогк;гАЦояси гАгхйогфМи гАЦясЛ гАях;2023;BT;800 000,00
818181;Ecole Primaire;гАчМяФгД гАтЦгАМи;Creation;гмогк;гАЦояси гАгхйогфМи гАйчсМЦ гАяхзМ  ;2021;BT;600 000,00
818181;Ecole Primaire;гАчМяФгД гАтЦгАМи;Creation;гмогк;гАЦояси гАехйогфМи гАЦДгя;2022;FADES;600 000,00
814109;Lycee;гАмглх;Creation;ЦьзЦ ЦяърМ ;ЦзЕо зАМ гАрФгФМ ;2020;BAD;2 200 000,00
818181;Ecole Primaire;мщФр;Creation;гмогк;гАЦояси гАехйогфМи мщФр ггАЦяър 2  гАчМяФгД;2020;FADES;600 000,00
812139;Ecole Primaire;гАчМяФгД гАлДФхМи;Extention;хДга Фмогй умМи;гАЦояси гАехйогфМи огя гАцЦгД;2020;FADES;30 000,00
814114;Ecole Primaire;гАмглх;Extention;хДга Фмогй умМи;гАЦояси гАехйогфМи огя няМщ;2020;FADES;30 000,00
812310;Ecole Primaire;гАтхМъи;Rehabilitation;уМгДи згЦи;гАЦояси гАгхйогфМи пягз зщгД;2020;PREFAT;250 000,00
813129;Ecole Primaire;гАФсАгйМи;Rehabilitation;уМгДи гАЦлЦФзи гАумМи ;гАЦояси гАгхйогфМи гАсогяи ;2020;Secours_Islamique;30 000,00
813123;Ecole Primaire;гАФсАгйМи;Rehabilitation;уМгДи згЦи;гАЦояси гАгхйогфМи ягс гАзМки;2020;PREFAT;250 000,00
813123;Ecole Primaire;гАФсАгйМи;Extention;хДга щжга ймжМяМ;гАЦояси гАехйогфМи ягс гАзМки;2020;PREFAT;120 000,00
813426;Ecole Primaire;гАзАг;Rehabilitation;уМгДи згЦи;гАЦояси гАгхйогфМи уМгои гАтЦгАМи;2020;PREFAT;250 000,00
813426;Ecole Primaire;гАзАг;Extention;хДга щжга ймжМяМ;гАЦояси гАехйогфМи уМгои гАтЦгАМи;2020;PREFAT;120 000,00
813424;Ecole Primaire;гАзАг;Extention;хДга щжга ймжМяМ;гАЦояси гАехйогфМи ьяри гАтЦгАМи;2022;PREFAT;120 000,00
814118;Ecole Primaire;гАмглх;Extention;хДга Фмогй умМи;гАЦояси гАехйогфМи зМки гАДсга;2018;FADES;30 000,00
815148;Ecole Primaire;хФмлАи;Rehabilitation;уМгДи згЦи;гАЦояси гАгхйогфМи щяч гАуМФои;2020;PREFAT;250 000,00
812303;Ecole Primaire;гАтхМъи;Rehabilitation;уМгДи згЦи;гАЦояси гАгхйогфМи чяМи гАЕФгях;2020;PREFAT;250 000,00
812339;Ecole Primaire;хФмлАи;Extention;хДга чгзгй згоМи;гАЦояси гАехйогфМи АяЦгжДМи;2020;FADES;45 000,00
814626;Ecole Primaire;ЦДрА гАЦЕМяМ;Rehabilitation;уМгДи згЦи;гАЦояси гАгхйогфМи ЦДрА гАЦЕМяМ 02;2020;PREFAT;250 000,00
812621;Ecole Primaire;гАсхМни;Rehabilitation;уМгДи згЦи;гАЦояси гАгхйогфМи гАсФгъй;2021;PREFAT;250 000,00
812225;Ecole Primaire;гАчМяФгД гАтЦгАМи;Extention;ЦлЦФзи умМи ;гАЦояси гАгхйогфМи гАмЦгЦ;2019;FADES;30 000,00
815604;Ecole Primaire;гАтягяои;Extention;чсЦ ймжМяМ;"гАЦояси гАгхйогфМи
 гАмсМД гАшясАгФМ/ хфя гАмАФ";2019;FADES;120 000,00
815604;Ecole Primaire;гАтягяои;Rehabilitation;уМгДи згЦи;"гАЦояси гАгхйогфМи
 гАмсМД гАшясАгФМ/ хфя гАмАФ";2021;FADES;260 000,00
812205;Ecole Primaire;гАчМяФгД гАтЦгАМи;Extention;хДга Фмогй умМи;гАЦояси гАехйогфМигАйяхМи;2019;FADES;30 000,00
812223;Ecole Primaire;гАчМяФгД гАлДФхМи;Extention;хДга Фмогй умМи;гАЦояси гАехйогфМигАмДхгр;2020;FADES;30 000,00
814105;Ecole Primaire;гАмглх;Extention;хДга Фмогй умМи;гАЦояси гАехйогфМигАтФгтМ;2020;FADES;30 000,00
812131;Ecole Primaire;гАчМяФгД гАтЦгАМи;Extention;хДга Фмогй умМи;гАЦояси гАехйогфМигАЦйхсьи;2020;FADES;30 000,00
812107;Ecole Primaire;гАчМяФгД гАтЦгАМи;Extention;хДга Фмогй умМи;гАЦояси гАехйогфМигАЕоЛ;2020;FADES;30 000,00
815124;Ecole Primaire;хФмлАи;Extention;хДга щжга ймжМяМ;гАЦояси гАехйогфМицФАго згтФя;2020;FADES;120 000,00
812104;College;гАчМяФгД гАлДФхМи;Rehabilitation;уМгДи згЦи;гАЦояси гАгзогоМи 2 Цгяс 1934;2020;BEI;800 000,00
813608;Lycee;мщФр;Rehabilitation;уМгДи згЦи;ЦхМй ЦзЕо мщФр ;2020;BEI;800 000,00
813609;College;мщФр;Rehabilitation;уМгДи згЦи;ЦхМй гзогоМи мщФя ;2020;BEI;800 000,00
812606;Lycee;гАсхМни;Rehabilitation;уМгДи згЦи;ЦзЕо гАсхМни ;2020;BEI;800 000,00
812103;Lycee;гАчМяФгД гАлДФхМи;Rehabilitation;уМгДи згЦи;ЦзЕо гАтгоАМ зьг гААЕ ;2020;BEI;800 000,00
813607;College;мщФр;Rehabilitation;уМгДи згЦи;гАЦояси гАгзогоМи гАрМгйМД;2020;BEI;800 000,00
812113;Lycee;гАчМяФгД гАтЦгАМи;Rehabilitation;уМгДи згЦи;ЦзЕо гхД гАлргя хгАчМяФгД;2020;BAD;157 000,00
813406;Lycee;гАзАг;Extention;хДга Цнхя йчДМ;ЦзЕо гАзАг 2;2020;BAD;270 000,00
813402;Ecole Primaire;гАзАг;Rehabilitation;оягсгй;гАЦояси гАгхйогфМи гАхмМяи;2021;BT;50 000,00
812127;Ecole Primaire;гАчМяФгД гАтЦгАМи;Extention;уМгДи;гАЦояси гАехйогфМи гАЦДтМи 1;2024;ENIUM;100 000,00
812127;Ecole Primaire;гАчМяФгД гАтЦгАМи;Extention;уМгДи;гАЦояси гАехйогфМи пягз гАйЦгя;2024;ENIUM;200 000,00
812151;Ecole Primaire;гАчМяФгД гАтЦгАМи ;Extention;уМгДи;гАЦояси гАгхйогфМи ЦглА гАсзгМоМи ;2024;ENIUM;200 000,00
812151;Ecole Primaire;гАчМяФгД гАтЦгАМи ;Extention;хДга Фмогй умМи;гАЦояси гАгхйогфМи ЦглА гАсзгМоМи ;2021;FADES;30 000,00
815161;Ecole Primaire;хФмлАи;Extention;хДга чгзгй згоМи;гАЦояси гАгхйогфМи гАыФгЕя;2021;FADES;50 000,00
812626;Ecole Primaire;гАсхМни ;Extention;хДга сМгл;гАЦояси гАехйогфМи гАЦзяглМ;2018;FADES;20 000,00
812626;Ecole Primaire;гАсхМни ;Extention;хДга щжга ймжМяМ;гАЦояси гАехйогфМи гАЦзяглМ;2018;FADES;120 000,00
815161;Ecole Primaire;хФмлАи;Extention;хДга Фмогй умМи;гАЦояси гАгхйогфМи гАыФгЕя;2018;FADES;30 000,00
814633;Ecole Primaire;Дуя гААЕ;Rehabilitation;уМгДи згЦи;гАЦояси гАгхйогфМи гАзФгМДМи ;2021;PREFAT;250 000,00
814633;Ecole Primaire;Дуя гААЕ;Extention;хДга щжга ймжМяМ;гАЦояси гАгхйогфМи гАзФгМДМи ;2021;PREFAT;120 000,00
812605;Ecole Primaire;гАсхМни;Extention;хДга чгзгй згоМи;гАЦояси гАгхйогфМи гАзФМки;2021;FADES;50 000,00
815149;Ecole Primaire;хФмлАи;Extention;хДга чгзгй згоМи;гАЦояси гАгхйогфМи гАЦзящи (2чгзгй);2021;FADES;100 000,00
812206;Ecole Primaire;гАчМяФгД гАлДФхМи;Rehabilitation;уМгДи згЦи;гАЦояси гАгхйогфМи гАЦДуФяи;2021;FADES;500 000,00
813127;Ecole Primaire;гАФсАгйМи ;Extention;хДга Фмогй умМи;гАЦояси гАгхйогфМи цФАго хгЦя ;2021;FADES;30 000,00
813412;Ecole Primaire;гАзАг;Extention;хДга Фмогй умМи;гАЦояси гАгхйогфМи гАДчгр ;2021;FADES;30 000,00
812149;Ecole Primaire;гАФсАгйМи ;Extention;хДга Фмогй умМи;гАЦояси гАгхйогфМи гхД сМДг;2021;FADES;30 000,00
812149;Ecole Primaire;гАчМяФгД гАтЦгАМи;Extention;чгзи ;гАЦояси гАгхйогфМи цФАго мЦФои;2020;FADES;45 000,00
812149;Ecole Primaire;гАчМяФгД гАтЦгАМи;Extention;хДга Фмогй умМи;гАЦояси гАгхйогфМи цФАго мЦФои;2021;FADES;30 000,00
812315;Ecole Primaire;гАтхМъи ;Extention;хДга щжга ймжМяМ;гАЦояси гАгхйогфМи гАъяЦи ;2021;PREFAT;120 000,00
812315;Ecole Primaire;гАтхМъи ;Rehabilitation;уМгДи згЦи;гАЦояси гАгхйогфМи гАъяЦи ;2021;PREFAT;250 000,00
813625;Ecole Primaire;мщФр;Extention;хДга Фмогй умМи ; гАЦояси гАехйогфМЬи  нМь гАФго 2;2021;FADES;60 000,00
813108;Ecole Primaire;гАФсАгйМи;Extention;хДга Фмогй умМи;гАЦояси гАгхйогфМи зМД лАФАи ;2021;FADES;30 000,00
812301;College;гАтхМъи;Extention;хДга чгзи Цяглзи;гАЦояси гАезогоМи  гАтхМъи;2023;BT;180 000,00
813611;College;мщФр;Rehabilitation;оягсгй;гАЦояси гАезогоМи гАрЦАи;2021;BT;100 000,00
813105;College;гАФсАгйМи;Extention;хДга цсМгл;гАЦояси гАезогоМи гАтгхМ;2021;BT;40 000,00
812121;Lycee;гАчМяФгД гАтЦгАМи;Extention;хДга02 чгзи згоМи;ЦзЕо гАхгьД;2021;BT;180 000,00
814622;College;гАчМяФгД гАтЦгАМи;Extention;хДга чгзгй згоМи;гАЦояси гАезогоМи гАЦДгя;2021;BT;50 000,00
813108;College;гАФсАгйМи;Rehabilitation;уМгДи згЦи;гАЦояси гАезогоМи гАФсАгйМи;2021;BT;700 000,00
813108;College;гАФсАгйМи;Rehabilitation;уМгДи ЦлЦФзгй умМи;гАЦояси гАезогоМи гАФсАгйМи;2021;BT;120 000,00
813609;College;мщФр;Extention;хДга чгзгй згоМи;гАЦояси гАезогоМи мщФр;2021;BT;50 000,00
812303;College;гАтхМъи;Extention;хДга чгзи Цяглзи ;гАЦояси гАезогоМи сМоМ зАМ хД сгАЦ;2019;BT;100 000,00
814620;College;ЦДрА гАЦЕМяМ;Extention;хДга Цнхя йчДМ;гАЦояси гАезогоМи ЦДрА гАЦЕМяМ;2021;BAD;250 000,00
814109;Lycee;гАчМяФгД гАтЦгАМи;Rehabilitation;уМгДи згЦи;ЦхМй ЦзЕо зАМ гАрФгФМ;2021;BT;350 000,00
813106;Lycee;гАФсАгйМи ;Rehabilitation;оягсгй;ЦзЕо гхД нАоФД ;2021;BT;50 000,00
813406;Lycee;гАзАг;Extention;хДга чгзгй згоМи;ЦзЕо гАзАг 2;2021;BT;100 000,00
813608;Lycee;мщФр;Rehabilitation;уМгДи згЦи;ЦзЕо мщФр;2021;BT;600 000,00
812105;Lycee;гАчМяФгД гАлДФхМи;Rehabilitation;уМгДи ЦлЦФзгй умМи;ЦзЕо ячгои ;2021;BT;120 000,00
812326;Ecole Primaire;гАтхМъи;Rehabilitation;уМгДи згЦи;гАЦояси гАгхйогфМи гАзФгЦяМи ;2021;FADES;100 000,00
812109;Ecole Primaire;гАчМяФгД гАтЦгАМи ;Rehabilitation;оягсгй;гАЦояси гАгхйогфМи цФАго щямгД ;2021;BT;50 000,00
815129;Ecole Primaire;хФмлАи;Rehabilitation;оягсгй;гАЦояси гАгхйогфМи гхД нАоФД ;2021;BT;50 000,00
814603;Ecole Primaire;ЦДрА гАЦЕМяМ;Rehabilitation;оягсгй;гАЦояси гАгхйогфМи гАщАгМАМи;2021;BT;50 000,00
815614;Ecole Primaire;гАтягяои;Rehabilitation;уМгДи згЦи; гАЦояси гАехйогфМЬи хД рАФт ;2022;PREFAT;250 000,00
815614;Ecole Primaire;гАтягяои;Extention;хДга щжга ймжМяМ; гАЦояси гАехйогфМЬи хД рАФт ;2022;PREFAT;120 000,00
815614;Ecole Primaire;гАтягяои  ;Rehabilitation;уМгДи згЦи;гАЦояси гАехйогфМи хМя ряФч;2022;PREFAT;270 000,00
813130;Ecole Primaire;гАФсАгйМи;Rehabilitation;уМгДи згЦи;гАЦояси гАехйогфМи  гАзкгЦДМи;2022;PREFAT;270 000,00
815612;Ecole Primaire;гАтягяои  ;Rehabilitation;уМгДи згЦи;гАЦояси гАехйогфМи  йМсМя гАтФгМмМи;2022;PREFAT;270 000,00
813406;Ecole Primaire;гАзАг;Extention;хДга щжга ймжМяМ;гАЦояси гАехйогфМи гАячМ;2022;PREFAT;120 000,00
813406;Ecole Primaire;гАзАг;Rehabilitation;уМгДи згЦи;гАЦояси гАехйогфМи гАячМ;2022;PREFAT;320 000,00
815152;Ecole Primaire;хФмлАи;Rehabilitation;уМгДи згЦи;гАЦояси гАехйогфМи цФАго Цхгяъ;2022;PREFAT;270 000,00
813128;Ecole Primaire;гАФсАгйМи;Rehabilitation;уМгДи згЦи;гАЦояси гАехйогфМи  гАсАгЦ;2022;PREFAT;270 000,00
813425;Ecole Primaire;гАзАг;Rehabilitation;уМгДи згЦи;гАЦояси гАехйогфМи цФАго гАсзМогД;2022;PREFAT;270 000,00
812632;Ecole Primaire;гАсхМни;Rehabilitation;уМгДи згЦи;гАЦояси гАехйогфМи Фго гАняМФз ;2022;PREFAT;270 000,00
813119;Ecole Primaire;гАФсАгйМи;Rehabilitation;уМгДи згЦи;гАЦояси гАехйогфМи гАсял;2022;PREFAT;270 000,00
814603;Ecole Primaire;ЦДрА гАЦЕМяМ;Rehabilitation;уМгДи згЦи;гАЦояси гАехйогфМи гАщАгМАМи;2022;FADES;300 000,00
815112;College;хФмлАи;Rehabilitation;оягсгй;гАЦояси гАезогоМи гЦгЦ смДФД;2021;BT;50 000,00
812118;College;гАчМяФгД гАлДФхМи ;Rehabilitation;уМгДи згЦи;гАЦояси гАезогоМи  гхД тящ;2022;BT;800 000,00
813607;College;мщФр;Rehabilitation;уМгДи згЦи;гАЦояси гАезогоМи мМ гАрМгйМД ;2022;BT;800 000,00
815112;College;хФмлАи;Rehabilitation;уМгДи згЦи;гАЦояси гАезогоМи гЦгЦ смДФД;2022;BT;800 000,00
814623;College;ЦДрА гАЦЕМяМ ;Rehabilitation;уМгДи згЦи;гАЦояси гАезогоМи  сМоМ сзо;2022;BT;100 000,00
813402;College;гАзАг;Rehabilitation;уМгДи згЦи;гАЦояси гАезогоМи  гАЦсгзМо;2022;BT;100 000,00
814110;College;гАмглх;Rehabilitation;уМгДи згЦи;гАЦояси гАезогоМи  гхД гхМ гАжМгщ;2022;BT;150 000,00
813609;College;мщФр ;Rehabilitation;уМгДи згЦи;гАЦояси гАезогоМи  мщФр;2022;BT;200 000,00
813105;College;гАФсАгйМи;Rehabilitation;оягсгй;гАЦояси гАезогоМи  гАтгхМ ;2022;BT;50 000,00
812606;Lycee;гАсхМни;Rehabilitation;уМгДи згЦи;ЦзЕо гАсхМни;2022;BT;800 000,00
812606;Lycee;гАсхМни;Rehabilitation;уМгДи згЦи;ЦзЕо гАсхМни;2022;BT;700 000,00
812103;Lycee;гАчМяФгД гАлДФхМи ;Rehabilitation;уМгДи згЦи;ЦзЕо тгоАМ зьг гААЕ;2022;BT;800 000,00
813106;Lycee;гАФсАгйМи;Rehabilitation;уМгДи згЦи; ЦхМй ЦзЕо гхД нАоФД;2022;BT;440 000,00
814610;Lycee;Дуя гААЕ;Rehabilitation;оягсгй;ЦзЕо Дуя гААЕ;2022;BT;50 000,00
813611;Lycee;мщФр;Rehabilitation;уМгДи згЦи;хДга Цьхн гАрЦАи;2022;BT;550 000,00
815603;Lycee;гАтягяои;Rehabilitation;оягсгй;ЦхМй гзогоМи гАтягяои;2022;BT;50 000,00
815614;Ecole Primaire;гАтягяои;Extention;хДга щжга ймжМяМ; гАЦояси гАехйогфМЬи хМя гАряФч;2022;PREFAT;120 000,00
815612;Ecole Primaire;гАтягяои;Extention;хДга щжга ймжМяМ; гАЦояси гАехйогфМЬи йМсМя гАтФгМмМи ;2022;PREFAT;120 000,00
813107;Ecole Primaire;гАФсАгйМи;Extention;хДга щжга ймжМяМ; гАЦояси гАехйогфМЬи  чуя гААЦси ;2022;PREFAT;120 000,00
813627;Ecole Primaire;мщФр;Extention;хДга щжга ймжМяМ; гАЦояси гАехйогфМЬи  мЦгЦ йяри;2022;PREFAT;120 000,00
813128;Ecole Primaire;гАФсАгйМи ;Extention;хДга щжга ймжМяМ; гАЦояси гАехйогфМЬи  гАсАгЦ ;2022;PREFAT;120 000,00
815610;Ecole Primaire;гАтягяои;Extention;хДга сМгл; гАЦояси гАехйогфМЬи  гхД рАФт;2020;FADES;40 000,00
815610;Ecole Primaire;гАтягяои;Rehabilitation;уМгДи гАЦлЦФзгй гАумМи ; гАЦояси гАехйогфМЬи  гхД рАФт;2021;Secours_Islamique;30 000,00
815606;Ecole Primaire;гАтягяои;Rehabilitation;уМгДи гАЦлЦФзгй гАумМи ; гАЦояси гАехйогфМЬи  тягМьМи гАлДФхМи;2021;Secours_Islamique;30 000,00
815602;Ecole Primaire;гАтягяои;Rehabilitation;уМгДи; гАЦояси гАехйогфМЬи  хфя гАЕФМоМ;2021;BT;100 000,00
815608;Ecole Primaire;гАтягяои ;Extention;хДга щжга ймжМяМ; гАЦояси гАехйогфМЬи гоФгр ;2022;PREFAT;120 000,00
813425;Ecole Primaire;гАзАг ;Extention;хДга щжга ймжМяМ; гАЦояси гАехйогфМЬи цФАго гАсзМогД ;2022;PREFAT;120 000,00
813419;Ecole Primaire;гАзАг;Extention;хДга щжга ймжМяМ; гАЦояси гАехйогфМЬи  гАьгЕя ущя;2022;PREFAT;120 000,00
815624;Ecole Primaire;гАтягяои;Extention;хДга щжга ймжМяМ; гАЦояси гАехйогфМЬи  гАЕФгДМ ;2022;PREFAT;120 000,00
813623;Ecole Primaire;мщФр;Extention;хДга щжга ймжМяМ; гАЦояси гАехйогфМЬи  гАзДч мщФр;2022;PREFAT;120 000,00
812632;Ecole Primaire;гАсхМни ;Extention;хДга щжга ймжМяМ; гАЦояси гАехйогфМЬи Фго гАняМФз ;2022;PREFAT;120 000,00
815611;Ecole Primaire;гАтягяои;Extention;хДга щжга ймжМяМ; гАЦояси гАехйогфМЬи  гАЦсгзоМи гАлДФММи;2022;PREFAT;120 000,00
815139;Ecole Primaire;хФмлАи ;Extention;хДга чгзгй згоМи; гАЦояси гАехйогфМЬи  20 Цгяс (2 чгзгй);2022;BT;104 000,00
812605;Ecole Primaire;гАсхМни ;Extention;хДга чгзгй згоМи; гАЦояси гАехйогфМЬи  гАзФМки ;2022;BT;52 000,00
812217;Ecole Primaire;гАчМяФгД гАлДФхМи ;Extention;хДга чгзгй згоМи; гАЦояси гАехйогфМЬи   гАЦнуФЦи (2 чгзгй);2022;BT;104 000,00
818181;Lycee;гАчМяФгД гАтЦгАМи;Rehabilitation;уМгДи згЦи;гАЦяър гАлЕФМ ААйъФМД гАЦсйЦя (ймФМА ЦхМй огя гАцЦгД );2020;BT;3 000 000,00
812609;Ecole Primaire;гАсхМни ;Rehabilitation;уМгДи згЦи;гАЦояси гАехйогфМи огя хД згфти;2017;BT;500 000,00
812609;Ecole Primaire;гАсхМни ;Extention;хДга чгзгй згоМи; гАЦояси гАехйогфМЬи  огя хД згМти ;2022;BT;52 000,00
814113;Ecole Primaire;гАмглх ;Extention;хДга ЦьзЦ; гАЦояси гАехйогфМЬи  гАямМЦи ;2022;BAD;70 000,00
814108;Ecole Primaire;гАмглх ;Extention;хДга Фмогй умМи ; гАЦояси гАехйогфМЬи гАчДьяи;2021;FADES;30 000,00
814111;Ecole Primaire;гАмглх ;Extention;хДга Фмогй умМи ; гАЦояси гАехйогфМЬи  цФАго зхгс ;2021;FADES;30 000,00
814111;Ecole Primaire;гАмглх ;Extention;хДга ЦьзЦ; гАЦояси гАехйогфМЬи  цФАго зхгс ;2022;BAD;70 000,00
813602;Ecole Primaire;мщФр;Extention;хДга ЦьзЦ; гАЦояси гАехйогфМЬи  зМД гАхМжга ;2022;BAD;70 000,00
814106;Ecole Primaire;гАмглх ;Extention;хДга ЦьзЦ; гАЦояси гАехйогфМЬи  гАсяли ;2022;BAD;70 000,00
813608;Ecole Primaire;мщФр ;Extention;хДга ЦьзЦ; гАЦояси гАехйогфМЬи  гАньгьщи ;2022;BAD;70 000,00
815101;Ecole Primaire;хФмлАи ;Extention;хДга чгзгй згоМи; гАЦояси гАехйогфМЬи  хФмлАи гАЦяър (2 чгзгй);2022;BT;104 000,00
815101;Ecole Primaire;хФмлАи ;Extention;хДга Фмогй умМи; гАЦояси гАехйогфМЬи  хФмлАи гАЦяър ;2022;BT;30 000,00
815623;Ecole Primaire;гАтягяои ;Rehabilitation;уМгДи гАЦлЦФзгй гАумМи ; гАЦояси гАехйогфМЬи  цФАго гАцмЦя;2022;BT;30 000,00
812609;Ecole Primaire;гАсхМни ;Extention;хДга Фмогй умМи; гАЦояси гАехйогфМЬи  огя хД згМти ;2022;BT;30 000,00
815619;Ecole Primaire;мщФр;Rehabilitation;уМгДи гАЦлЦФзгй гАумМи ; гАЦояси гАехйогфМЬи  ФгоМ гАлхгс;2022;BT;30 000,00
813420;Ecole Primaire;гАзАг ;Rehabilitation;уМгДи гАЦлЦФзгй гАумМи ; гАЦояси гАехйогфМЬи  ЦмгщМы чьгя ;2022;BT;30 000,00
814631;Ecole Primaire;ЦДрА гАЦЕМяМ;Extention;хДга Фмогй умМи; гАЦояси гАехйогфМЬи  гАмЦМогй гАтячМи ;2022;BT;30 000,00
813402;Ecole Primaire;гАзАг ;Rehabilitation;уМгДи гАЦлЦФзгй гАумМи ; гАЦояси гАехйогфМЬи  хмМяи гАзАг;2022;BT;30 000,00
813423;Ecole Primaire;гАзАг;Rehabilitation;уМгДи гАЦлЦФзгй гАумМи ; гАЦояси гАехйогфМЬи  Цуягьи;2022;BT;30 000,00
812637;Ecole Primaire;гАсхМни ;Extention;хДга цсМли; гАЦояси гАехйогфМЬи  щжАФД;2022;BT;60 000,00
812128;Ecole Primaire;гАчМяФгД гАтЦгАМи;Extention;хДга цсМли; гАЦояси гАехйогфМЬи гАшгхгй;2022;BT;90 000,00
813105;College;гАФсАгйМи ;Extention;хДга чгзгй згоМи;гАЦояси гАезогоМи гАтгхМ;2022;BT;52 000,00
814611;College;Дуя гААЕ ;Extention;хДга чгзи Цяглзи;гАЦояси гАезогоМи  ъхгяи;2022;BT;90 000,00
812120;College;гАчМяФгД гАтЦгАМи ;Extention;хДга чгзгй згоМи;гАЦояси гАезогоМи гхМ рЦзи гАхАФМ ;2022;BT;52 000,00
815112;College;хФмлАи ;Extention;хДга Фмогй умМи;гАЦояси гАезогоМи гЦгЦ смДФД;2022;BT;30 000,00
813610;College;мщФр;Extention;хДга Фмогй умМи;гАЦояси гАезогоМи йчДМи ;2022;BT;30 000,00
812114;Lycee;гАчМяФгД гАтЦгАМи ;Extention;хДга чгзгй згоМи;ЦзЕо  огя гАцЦгД ;2022;BT;104 000,00
812606;Lycee;гАсхМни ;Extention;хДга чгзи Цяглзи;ЦзЕо  гАсхМни ;2022;BT;90 000,00
812114;Lycee;гАчМяФгД гАтЦгАМи ;Extention;хДга Фмогй умМи;ЦзЕо огя гАцЦгД ;2022;BT;30 000,00
814621;Lycee;ЦДрА гАЦЕМяМ;Rehabilitation;уМгДи Фмогй умМи;ЦзЕо ЦДрА гАЦЕМяМ;2022;BT;30 000,00
814616;Ecole Primaire;ЦДрА гАЦЕМяМ;Rehabilitation;оягсгй;гАЦояси гАехйогфМи гАзргзри ;2024;BT;50 000,00
814616;Ecole Primaire;ЦДрА гАЦЕМяМ;Rehabilitation;уМгДи згЦи;гАЦояси гАехйогфМи гАзргзри ;2022;FADES;200 000,00
815129;Ecole Primaire;хФмлАи;Rehabilitation;уМгДи згЦи;гАЦояси гАехйогфМи гхД нАоФД хФмлАи;2022;FADES;240 000,00
812630;Ecole Primaire;гАсхМни;Extention;хДга Фмогй умМи ;гАЦояси гАехйогфМи мМ гАяМгж ;2018;FADES;150 000,00
813421;Ecole Primaire;гАзАг;Extention;ЦлЦФзи умМи ; гАЦояси гАехйогфМЬи  гАлАгАхигАрзМягй ;2018;FADES;30 000,00
813421;Ecole Primaire;гАзАг;Extention;хДга сМгл; гАЦояси гАехйогфМЬи  гАлАгАхигАрзМягй ;2018;FADES;64 000,00
812620;Ecole Primaire;гАсхМни ;Extention;хДга сМгл;гАЦояси гАехйогфМи ЕЦго ;2018;FADES;30 000,00
813625;Ecole Primaire;мщФр;Extention;хДга сМгл;гАЦояси гАехйогфМи нМь гАФго 02;2021;FADES;60 000,00
812330;Ecole Primaire;гАтхМъи ;Extention;хДга сМгл; гАЦояси гАехйогфМЬи  сМоМ ЦмЦФо ;2019;FADES;20 000,00
812330;Ecole Primaire;гАтхМъи ;Extention;хДга щжга ймжМяМ; гАЦояси гАехйогфМЬи  сМоМ ЦмЦФо ;2018;FADES;120 000,00
812632;Ecole Primaire;гАсхМни;Extention;хДга ЦьзЦ ЦоясМ;гАЦояси гАехйогфМи Фго гАняМФз ;2018;FADES;150 000,00
815124;Ecole Primaire;хФмлАи;Rehabilitation;уМгДи згЦи;гАЦояси гАехйогфМи  цФАго згтФя ;2020;FADES;600 000,00
814601;Ecole Primaire;Дуя гААЕ ;Rehabilitation;уМгДи згЦи;гАЦояси гАехйогфМи  сМоМ зАМ хД Дуя гААЕ ;2022;FADES;200 000,00
812109;Ecole Primaire;гАчМяФгД гАтЦгАМи ;Rehabilitation;уМгДи згЦи;гАЦояси гАехйогфМи  цФАго щямгД ;2022;FADES;400 000,00
815144;Ecole Primaire;хФмлАи;Rehabilitation;уМгДи згЦи;гАЦояси гАехйогфМи  гАзФгчхМи хФмлАи ;2021;FADES;250 000,00
814632;Ecole Primaire;Дуя гААЕ;Rehabilitation;уМгДи згЦи;гАЦояси гАехйогфМи нхДи гАьЦгЦи;2022;FADES;200 000,00
815124;Ecole Primaire;хФмлАи;Rehabilitation;уМгДи згЦи;гАЦояси гАгхйогфМи цФАго згтФя;2023;BT;600 000,00
812109;Ecole Primaire;гАчМяФгД гАтЦгАМи;Rehabilitation;уМгДи згЦи;гАЦояси гАгхйогфМи цФАго щямгД ;2023;BT;400 000,00
814601;Ecole Primaire;Дуя гААЕ;Rehabilitation;уМгДи згЦи;гАЦояси гАгхйогфМи Дуя гААЕ гАЦяър;2023;BT;200 000,00
812609;Ecole Primaire;гАсхМни;Rehabilitation;уМгДи згЦи;гАЦояси гАгхйогфМи огя хД згМти ;2023;BT;300 000,00
815144;Ecole Primaire;хФмлАи;Rehabilitation;уМгДи згЦи;гАЦояси гАгхйогфМи гАзФгчхМи ;2023;BT;500 000,00
812118;College;гАчМяФгД гАтЦгАМи;Rehabilitation;уМгДи згЦи;гАЦояси гАгзогоМи гхД тящ гАчсь 3;2023;BT;500 000,00
813108;College;гАФсАгйМи;Rehabilitation;уМгДи згЦи;гАЦояси гАгзогоМи гАФсАгйМи чсь 2;2023;BT;700 000,00
813105;College;гАФсАгйМи;Rehabilitation;уМгДи згЦи;гАЦояси гАгзогоМи гАтгхМ ;2023;BT;700 000,00
812112;College;гАчМяФгД гАтЦгАМи;Rehabilitation;уМгДи згЦи;гАЦояси гАгзогоМи гАмуяМ;2023;BT;100 000,00
813610;College;мщФр;Rehabilitation;оягсгй;гАЦояси гАезогоМи гАйчДМи ;2023;BT;50 000,00
815110;College;хФмлАи;Rehabilitation;оягсгй;гАЦояси гАезогоМи гАйчДМи хФмлАи;2023;BT;50 000,00
814609;College;Дуя гААЕ;Rehabilitation;оягсгй;гАЦояси гАезогоМи гАйчДМи Дуя гААЕ;2023;BT;50 000,00
812106;College;гАчМяФгД гАтЦгАМи;Rehabilitation;оягсгй;гАЦояси гАезогоМи гАйчДМи гАчМяФгД гАлДФхМи;2023;BT;50 000,00
812203;Lycee;гАчМяФгД гАлДФхМи;Rehabilitation;уМгДи згЦи;ЦзЕо гАчМяФгД чсь1;2022;BT;700 000,00
812203;Lycee;гАчМяФгД гАлДФхМи;Rehabilitation;уМгДи згЦи;ЦзЕо гАчМяФгД чсь2;2023;BT;500 000,00
812113;Lycee;гАчМяФгД гАлДФхМи;Rehabilitation;уМгДи Цнхя;ЦзЕо гхД лргя;2023;BAD;300 000,00
812114;Lycee;гАчМяФгД гАтЦгАМи;Rehabilitation;уМгДи згЦи;ЦзЕо огя гАцЦгД;2023;BT;800 000,00
812122;Lycee;гАчМяФгД гАтЦгАМи;Rehabilitation;оягсгй;ЦзЕо гАяМгжи ;2023;BT;50 000,00
812101;Lycee;гАчМяФгД гАлДФхМи;Rehabilitation;оягсгй;ЦзЕо зчхи ;2023;BT;50 000,00
815601;Lycee;гАтягяои;Rehabilitation;оягсгй;ЦзЕо гАтягяои;2023;BT;50 000,00
813402;Lycee;гАзАг;Rehabilitation;уМгДи згЦи;ЦхМй гзогоМи гАЦсгзМо;2022;BT;500 000,00
815112;Lycee;хФмлАи;Rehabilitation;уМгДи згЦи;ЦхМй гЦгЦ смДФД;2023;BT;800 000,00
812105;Lycee;гАчМяФгД гАлДФхМи;Rehabilitation;уМгДи згЦи;ЦхМй ЦзЕо ячгои;2023;BT;500 000,00
813108;Lycee;гАФсАгйМи;Rehabilitation;оягсгй;ЦхМй гАезогоМи гАФсАгйМи;2023;BT;50 000,00
812634;Ecole Primaire;гАсхМни;Extention;хДга чгзи згоМи;гАЦояси гАгхйогфМи гАьягхАсМи ;2023;BT;90 000,00
815101;Ecole Primaire;хФмлАи;Extention;хДга 02чгзи згоМи;гАЦояси гАгхйогфМи хФмлАи гАЦяър;2023;BT;180 000,00
813612;Ecole Primaire;мщФр;Extention;хДга чгзи згоМи;гАЦояси гАгхйогфМи цФАго нАщ гААЕ;2023;BT;90 000,00
813612;Ecole Primaire;мщФр;Extention;хДга ЦлЦФзи умМи;гАЦояси гАгхйогфМи цФАго нАщ гААЕ;2023;BT;80 000,00
812101;Ecole Primaire;гАчМяФгД гАтЦгАМи ;Extention;ЦлЦФзи умМи ;гАЦояси гАгхйогфМигАйьхМчМи  гАгсФгя ;2020;FADES;30 000,00
812615;Ecole Primaire;гАсхМни ;Extention;ЦлЦФзи умМи ;гАЦояси гАгхйогфМи  гАсхгяи;2019;Secours_Islamique;30 000,00
812330;Ecole Primaire;гАтхМъи;Extention;ЦлЦФзи умМи ;гАЦояси гАгхйогфМи сМоМ ЦмЦФо;2019;Secours_Islamique;30 000,00
812326;Ecole Primaire;гАтхМъи;Extention;ЦлЦФзи умМи ;гАЦояси гАгхйогфМи гАзФгЦяМи ;2020;FADES;30 000,00
814121;Ecole Primaire;гАмглх;Extention;ЦлЦФзи умМи ;гАЦояси гАгхйогфМи оФгя гАщягмйМи ;2018;FADES;100 000,00
814112;Ecole Primaire;гАмглх;Extention;ЦлЦФзи умМи ;гАЦояси гАгхйогфМи цФАго згЦя;2019;Secours_Islamique;30 000,00
813402;Ecole Primaire;гАзАг ;Extention;ЦлЦФзи умМи ;гАЦояси гАгхйогфМи гАхмМяи ;2020;FADES;30 000,00
813612;Ecole Primaire;мщФр;Extention;ЦлЦФзи умМи ;гАЦояси гАгхйогфМи цФАго нАщ гААЕ ;2018;FADES;171 000,00
815616;Ecole Primaire;гАтягяои ;Extention;ЦлЦФзи умМи ;гАЦояси гАгхйогфМи гАмягМяМи;2019;Secours_Islamique;30 000,00
815144;Ecole Primaire;хФмлАи ;Extention;ЦлЦФзи умМи ;гАЦояси гАгхйогфМи гАзФгчхМи ;2019;Secours_Islamique;30 000,00
812608;Ecole Primaire;гАсхМни ;Extention;ЦлЦФзи умМи ;гАЦояси гАгхйогфМи гАтящи ;2019;Secours_Islamique;30 000,00
814633;Ecole Primaire;Дуя гААЕ ;Extention;ЦлЦФзи умМи ;гАЦояси гАгхйогфМи гАзФгМДМи ;2019;Secours_Islamique;30 000,00
812226;Ecole Primaire;гАчМяФгД гАлДФхМи;Extention;ЦлЦФзи умМи ;гАЦояси гАгхйогфМи гАчФгсЦ;2020;FADES;30 000,00
812226;Ecole Primaire;гАчМяФгД гАлДФхМи;Extention;хДга щжга ймжМяМ ;гАЦояси гАгхйогфМи гАчФгсЦ;2023;AMIS;200 000,00
813624;Ecole Primaire;мщФр;Extention;хДга ЦьзЦ ЦоясМ;гАЦояси гАгхйогфМи гАрМгяи ;2023;BAD;200 000,00
812226;Ecole Primaire;гАчМяФгД гАлДФхМи;Extention;хДга ЦьзЦ ЦоясМ;гАЦояси гАгхйогфМи гАчФгсЦ;2023;AMIS;200 000,00
812602;Ecole Primaire;гАсхМни ;Extention;хДга щжга ймжМяМ;гАЦояси гАехйогфМи зМД хФЦяи ;2019;FADES;120 000,00
814632;Ecole Primaire;Дуя гААЕ ;Extention;хДга щжга ймжМяМ;гАЦояси гАехйогфМи гАхтгМяМи ;2019;FADES;120 000,00
812103;Ecole Primaire;гАчМяФгД гАтЦгАМи ;Extention;хДга щжга ймжМяМ;гАЦояси гАехйогфМи шяхМ гАчМяФгД  ;2018;FADES;120 000,00
813624;Ecole Primaire;мщФр;Extention;хДга щжга ймжМяМ;гАЦояси гАгхйогфМи гАрхгяи;2019;FADES;120 000,00
812120;College;гАчМяФгД гАтЦгАМи ;Extention;хДга чгзи езАгЦМи ;гАЦояси гАезогоМи гхМ рЦзи гАхАФМ ;2022;BT;52 000,00
812120;College;гАчМяФгД гАтЦгАМи;Extention;хДга чгзгй згоМи;гАЦояси гАгзогоМи гхМ рЦзи гАхАФМ;2023;BT;90 000,00
812202;College;гАчМяФгД гАлДФхМи;Extention;хДга чгзи згоМи;гАЦояси гАгзогоМи гсо гхД щягй;2023;BT;90 000,00
812202;College;гАчМяФгД гАлДФхМи;Extention;хДга чгзи гнйугу;гАЦояси гАгзогоМи гсо гхД щягй;2023;BT;130 000,00
812301;College;гАтхМъи;Extention;хДга чгзи Цяглзи;гАЦояси гАгзогоМи тхМъи;2023;BT;90 000,00
812121;Lycee;гАчМяФгД гАтЦгАМи;Extention;хДга02 чгзи згоМи;ЦзЕо гАхгьД;2023;BT;180 000,00
813413;Ecole Primaire;гАзАг;Rehabilitation;уМгДи гАЦлЦФзгй гАумМи ; гАЦояси гАехйогфМЬи  03 цФй цФАго зЦя;2021;Secours_Islamique;30 000,00
813128;Ecole Primaire;гАФсАгйМи;Rehabilitation;уМгДи гАЦлЦФзгй гАумМи ; гАЦояси гАехйогфМЬи  гАсАгЦ ;2021;Secours_Islamique;30 000,00
818181;Lycee;гАтягяои;Creation;емогк;ЦзЕо хфя гАФущгД ;2015;BEI;7 556 804,00
818181;College;гАсхМни ;Creation;емогк;гАЦояси гАезогоМи гАзАЦ;2015;BAD;6 014 516,00
818181;College;гАтхМъи;Creation;емогк;гАЦояси гАезогоМи гАлФгФои;2015;BAD;6 014 516,00
818181;College;гАчМяФгД ;Creation;емогк;гАЦояси гАезогоМи гАчМяФгД гАлДФхМи;2013;BT;
818181;Lycee;зМД лАФАи ;Creation;емогк;ЦзЕо кгДФМ хзМД лАФАи ;2013;BT;
818181;College;гАчМяФгД гАтЦгАМи;Creation;емогк;гАЦояси гАезогоМи смДФД;2016;BT;
818181;Lycee;гАсхМни;Creation;емогк;ЦзЕо огя гАлЦзМи ;2015;BEI;7 556 804,00
812301;College;гАтхМъи;Extention;хДга чгзи Цяглзи ;гАЦояси гАезогоМи гАтхМъи;2021;BT;
812303;College;гАтхМъи;Extention;хДга  чгзйМД;гАЦояси гАезогоМи сМоМ зАМ хД сгАЦ;2021;BT;180 000,00
812302;Lycee;гАтхМъи;Extention;хДга чгзи гзАгЦМи;ЦзЕо гхД зящи ;2023;BT;130 000,00
812120;Ecole Primaire;гАчМяФгД гАтЦгАМи;Extention;хДга сМгл ;гАЦояси гАгхйогфМи гАгшгАхи ;2024;BT;40 000,00
813404;Lycee;гАзАг;Rehabilitation;уМгДи ;гАЦояси гАезогоМи гАпЕМхгй (гАхяДгДЦл гАнуФуМ );2023;BT;100 000,00
812116;College;гАчМяФгД гАтЦгАМи;Extention;хДга сМгл ;гАЦояси гАезогоМи огя гАцЦгД (йЕМфи ЦонА гАЦдсси);2024;BT;45 000,00
812148;Ecole Primaire;гАчМяФгД гАтЦгАМи;Extention;хДга сМгл ;гАЦояси гАгхйогфМи гАумгхМ 2 ;2024;BT;45 000,00
814612;Ecole Primaire;ЦДрА гАЦЕМяМ ;Rehabilitation;уМгДи ;гАЦояси гАгхйогфМи сМоМ сзо ;2024;BT;90 000,00
818181;Ecole Primaire;;Rehabilitation;уМгДи ;ФгчМгй моМоМи ;2024;BT;
815157;Ecole Primaire;хФмлАи;Rehabilitation;хДга сМгл ;гАЦояси гАгхйогфМи цФАго хФмФт;2024;BT;45 000,00
814608;Ecole Primaire;Дуя гААЕ;Rehabilitation;хДга сМгл ;гАЦояси гАгхйогфМи гАнхДи ;2024;BT;150 000,00
818181;Ecole Primaire;;Rehabilitation;нргДгй ;уМгДи гАнргДгй гАЦгфМи  ххзж гАЦдссгй гАйяхФМи;2024;BT;50 000,00
818181;Lycee;;Rehabilitation;йЕМфи гАЦонА;гАЦДоФхМи гАлЕФМи ААйяхМи ;2024;BT;11 974,60
818181;Lycee;;Rehabilitation;уМгДи гАтхъи гАъЕяхгфМи;гАЦДоФхМи гАлЕФМи ААйяхМи ;2024;BT;0
812610;Ecole Primaire;гАсхМни;Extention;хДга сМгл ;гАЦояси гАгхйогфМи огя гАлЦзМи ;2024;BT;145 000,00
812622;Ecole Primaire;гАсхМни;Extention;хДга сМгл ;гАЦояси гАгхйогфМи гАЦДлМ сАМЦ;2024;BT;60 000,00
814108;Lycee;мглх ;Rehabilitation;уМгДи ЦсъД ФыМщМ;ЦзЕо цхФ гАчгсЦ гАтгхМ ;2024;BT;83 000,00
815622;Ecole Primaire;гАтягяои;Extention;хДга сМгл ;гАЦояси гАгхйогфМи гАмогМоМи;2024;BT;50 000,00
812101;Lycee;гАчМяФгД гАлДФхМи;Extention;хДга сМгл ;ЦзЕо зчхи ;2024;BT;50 000,00
812121;Lycee;гАчМяФгД гАтЦгАМи;Rehabilitation;уМгДи ЦмФА ъЕАяхгфМ ;ЦзЕо гАхгьД ;2024;BT;24 000,00
815604;College;гАтягяои ;Rehabilitation;уМгДи ЦмФА ъЕАяхгфМ ;гзогоМи гАтФгМмМи ;2024;BT;40 000,00
815153;Ecole Primaire;хФмлАи;Extention; хДга чгзи згоМи ;гАЦояси гАгхйогфМи чуя гАохгт ;2024;BT;100 000,00
815131;Ecole Primaire;хФмлАи;Extention; хДга чгзи згоМи ;гАЦояси гАгхйогфМи гААхМи;2024;BT;100 000,00
812149;Ecole Primaire;гАчМяФгД гАтЦгАМи;Extention; хДга чгзи згоМи ;гАЦояси гАгхйогфМи цФАго мЦФои ;2024;BT;100 000,00
812146;Ecole Primaire;гАчМяФгД гАтЦгАМи;Extention; хДга чгзи згоМи ;гАЦояси гАгхйогфМи гхД зящи ;2024;BT;100 000,00
812603;Ecole Primaire;гАсхМни;Extention; хДга чгзи згоМи ;гАЦояси гАгхйогфМи зМД гАохгх;2024;BT;100 000,00
812605;Ecole Primaire;гАсхМни;Extention;хДга щжга ймжМяМ ;гАЦояси гАгхйогфМи гАзФМки;2024;BT;200 000,00
812131;Ecole Primaire;гАчМяФгД гАтЦгАМи;Extention;хДга щжга ймжМяМ ;гАЦояси гАгхйогфМи гАЦйхсьи ;2024;BT;200 000,00
812626;Ecole Primaire;гАсхМни;Extention;хДга щжга ймжМяМ ;гАЦояси гАгхйогфМи гАЦзяглМ ;2024;BT;200 000,00
812217;Ecole Primaire;гАчМяФгД гАлДФхМи;Extention;хДга щжга ймжМяМ ;гАЦояси гАгхйогфМи гАЦнуФЦи ;2024;BT;200 000,00
813122;Ecole Primaire;гАФсАгйМи;Extention;хДга щжга ймжМяМ ;гАЦояси гАгхйогфМи гАмяМи;2024;AMIS;200 000,00
814110;Ecole Primaire;гАмглх ;Extention;хДга щжга ймжМяМ ;гАЦояси гАгхйогфМи гАЦДгси ;2024;AMIS;200 000,00
814119;Ecole Primaire;гАмглх ;Extention;хДга щжга ймжМяМ ;гАЦояси гАгхйогфМи мМ гАсзгои ;2024;AMIS;200 000,00
813621;Ecole Primaire;мщФр;Extention;хДга ЦьзЦ ЦоясМ;гАЦояси гАгхйогфМи гАрЦАи ;2024;BAD;200 000,00
814102;Ecole Primaire;гАмглх ;Extention;хДга ЦьзЦ ЦоясМ;гАЦояси гАгхйогфМи гАЦмьи;2024;BAD;200 000,00
813415;Ecole Primaire;гАзАг;Extention;хДга ЦьзЦ ЦоясМ;гАЦояси гАгхйогфМи гАзяМхи ;2024;BAD;200 000,00
814107;Ecole Primaire;гАмглх ;Extention;хДга ЦьзЦ ЦоясМ;гАЦояси гАгхйогфМи гАкАгли ;2024;BAD;200 000,00
813402;Ecole Primaire;гАзАг;Extention;хДга сМгл;гАЦояси гАгхйогфМи гАхмМяи;2024;BT;160 000,00
815612;Ecole Primaire;гАтягяои ;Extention;хДга сМгл;гАЦояси гАгхйогфМи йМсМя гАтФгМмМи ;2024;BT;100 000,00
812205;College;гАчМяФгД гАлДФхМи;Extention; хДга чгзи згоМи ;гАЦояси гАгзогоМи  гАДЦФплМи ;2024;BT;100 000,00
812205;College;гАчМяФгД гАлДФхМи;Extention; хДга чгзи згоМи ;гАЦояси гАгзогоМи  гАДЦФплМи ;2024;BT;100 000,00
812603;College;гАсхМни;Extention; хДга чгзи згоМи ;гАЦояси гАгзогоМи гАЦДлМ сАМЦ ;2024;BT;100 000,00
812605;College;гАсхМни;Extention; хДга чгзи згоМи ;гАЦояси гАгзогоМи гАсхМни ;2024;BT;100 000,00
812201;College;гАчМяФгД гАтЦгАМи;Extention;хДга чгзи гнйугу;гАЦояси гАгзогоМи  гхД гАЕгДМ ;2024;BT;130 000,00
813402;College;Дуя гААЕ ;Extention;хДга чгзи Цяглзи;гАЦояси гАгзогоМи Дуя гААЕ ;2024;BT;180 000,00
814621;Lycee;ЦДрА гАЦЕМяМ ;Extention; хДга чгзи згоМи ;ЦзЕо ЦДрА гАЦЕМяМ ;2024;BT;100 000,00
815601;Lycee;гАтягяои ;Extention;хДга Цнхя йчДМ;ЦзЕогАтягяои ;2024;BAD;500 000,00
812226;Ecole Primaire;гАчМяФгД гАлДФхМи;Rehabilitation;уМгДи згЦи;гАЦояси гАгхйогфМи гАчФгсЦ;2024;AMIS;350 000,00
814110;Ecole Primaire;гАмглх ;Rehabilitation;уМгДи згЦи;гАЦояси гАгхйогфМи гАЦДгси ;2024;AMIS;350 000,00
815605;Ecole Primaire;гАтягяои ;Rehabilitation;уМгДи згЦи;гАЦояси гАгхйогфМи хфя гАФущгД ;2024;BT;1 400 000,00
812326;Ecole Primaire;гАтхМъи;Rehabilitation;уМгДи згЦи;гАЦояси гАгхйогфМи гАзФгЦяМи ;2024;BT;700 000,00
814623;Ecole Primaire;Дуя гААЕ ;Rehabilitation;уМгДи згЦи;гАЦояси гАгхйогфМи нхДи гАьЦгЦи ;2024;BT;700 000,00
814608;Ecole Primaire;Дуя гААЕ ;Rehabilitation;уМгДи сМгл;гАЦояси гАгхйогфМи гАнхДи ;2024;BT;150 000,00
813102;Ecole Primaire;зМД лАФАи ;Rehabilitation;оягсгй;гАЦояси гАгхйогфМи зМД лАФАи ;2024;BT;50 000,00
814601;Ecole Primaire;Дуя гААЕ ;Rehabilitation;оягсгй;гАЦояси гАгхйогфМи Дуя гААЕ гАЦяър гАчсь 2 ;2024;BT;50 000,00
813109;Ecole Primaire;гАФсАгйМи ;Rehabilitation;оягсгй;гАЦояси гАгхйогфМи гАЦячх ;2024;BT;50 000,00
815607;Ecole Primaire;гАтягяои ;Rehabilitation;оягсгй;гАЦояси гАгхйогфМи гАйчоЦ ;2024;BT;50 000,00
812104;College;гАчМяФгД гАтЦгАМи;Rehabilitation;уМгДи згЦи;гАЦояси гАгзогоМи 2 Цгяс 1934;2024;BT;3 000 000,00
813609;College;мщФр ;Rehabilitation;уМгДи згЦи;гАЦояси гАгзогоМи мщФр ;2024;BT;800 000,00
813610;College;мщФр ;Rehabilitation;уМгДи згЦи;гАЦояси гАгзогоМи  гАйчДМи мщФр ;2024;BAD;1 000 000,00
813403;College;гАзАг ;Rehabilitation;оягсгй;гАЦояси гАгзогоМи  гАзАг;2024;BT;50 000,00
814110;College;гАмглх ;Rehabilitation;оягсгй;гАЦояси гАгзогоМи гхД гхМ жМгщ ;2024;BT;50 000,00
812122;Lycee;гАчМяФгД гАтЦгАМи;Rehabilitation;уМгДи згЦи;ЦзЕо гАяМгжи ;2024;BT;1 500 000,00
815601;Lycee;гАтягяои ;Rehabilitation;уМгДи згЦи;ЦзЕо гАтягяои ;2024;BT;800 000,00
814621;Lycee;ЦДрА гАЦЕМяМ ;Rehabilitation;уМгДи згЦи;ЦзЕо ЦДрА гАЦЕМяМ ;2024;BT;200 000,00
812102;Lycee;гАчМяФгД гАлДФхМи;Rehabilitation;оягсгй;ЦзЕо  гхД ятМч;2024;BT;50 000,00
813609;Lycee;мщФр ;Rehabilitation;уМгДи згЦи;гАЦояси гАезогоМи мщФр ;2024;BT;400 000,00
813108;Lycee; гАФсАгйМи ;Rehabilitation;уМгДи згЦи;гАЦояси гАезогоМи гАФсАгйМи ;2024;BT;800 000,00
815603;Lycee;гАтягяои ;Rehabilitation;уМгДи згЦи;гАЦояси гАезогоМи гАтягяои ;2024;BT;800 000,00
814623;Lycee;ЦДрА гАЦЕМяМ ;Rehabilitation;оягсгй;гАЦояси гАезогоМи сМоМ сзо;2024;BT;50 000,00
812606;Lycee;гАсхМни ;Rehabilitation;оягсгй;ЦзЕо  гАсхМни ;2024;BT;50 000,00
814105;Ecole Primaire;гАмглх;Extention; хДга чгзи згоМи ;гАЦояси гАгхйогфМи гАтФгтМ ;2025;BT;100 000,00
815608;Ecole Primaire;гАтягяои ;Extention;хДга чгзгй згоМи ;гАЦояси гАгхйогфМи гАгоФгр ;2025;BT;200 000,00
814101;Ecole Primaire;гАмглх;Extention; хДга чгзи згоМи ;гАЦояси гАгхйогфМи 2 Цгяс ;2025;BT;100 000,00
812309;Ecole Primaire;гАтММъи ;Extention; хДга чгзи згоМи ;гАЦояси гАгхйогфМи гАтхМъи гАЦяър ;2025;BT;100 000,00
812620;Ecole Primaire;гАсхМни ;Extention; хДга чгзи згоМи ;гАЦояси гАгхйогфМи ЕЦго ;2025;BT;100 000,00
812637;Ecole Primaire;гАсхМни ;Extention; хДга чгзи згоМи ;гАЦояси гАгхйогфМи щжАФД ;2025;BT;100 000,00
813618;Ecole Primaire;мщФр ;Extention; хДга чгзи згоМи ;гАЦояси гАгхйогфМи гАмяти;2025;BT;100 000,00
815134;Ecole Primaire;хФмлАи ;Extention;хДга щжга ймжМяМ ;гАЦояси гАгхйогфМи гАяЦгжДМи;2025;BT;200 000,00
813101;Ecole Primaire;гАФсАгйМи ;Extention;хДга щжга ймжМяМ ;гАЦояси гАгхйогфМи мтго;2025;BT;200 000,00
814627;Ecole Primaire;Дуя гААЕ ;Extention;хДга щжга ймжМяМ ;гАЦояси гАгхйогфМи гАхяМъгй ;2025;BT;200 000,00
814616;Ecole Primaire;ЦДрА гАЦЕМяМ;Extention;хДга щжга ймжМяМ ;гАЦояси гАгхйогфМи гАзргзри ;2025;BT;200 000,00
815605;Ecole Primaire;гАтягяои;Extention;хДга щжга ймжМяМ ;гАЦояси гАгхйогфМи хфя гАФущгД ;2025;BT;200 000,00
813413;Ecole Primaire;гАзАг;Extention;хДга щжга ймжМяМ ;гАЦояси гАгхйогфМи 3 гФй цФАго зЦя;2025;BT;200 000,00
813112;Ecole Primaire;гАФсАгйМи ;Extention;хДга сМгл;гАЦояси гАгхйогфМи гАузгДМД ;2025;BT;70 000,00
815614;Ecole Primaire;гАтягяои ;Extention;хДга сМгл;гАЦояси гАгхйогфМи хД рАФт ;2025;BT;160 000,00
812609;Ecole Primaire;гАсхМни ;Extention;хДга сМгл;гАЦояси гАгхйогфМи огя хД згфти ;2025;BT;120 000,00
812324;Ecole Primaire;гАтхМъи;Extention;хДга сМгл;гАЦояси гАгхйогфМи сМоМ зАМ хД сгАЦ ;2025;BT;100 000,00
818181;Ecole Primaire;гАчМяФгД гАтЦгАМи ;Creation;гмогк;гАЦояси гАгхйогфМи цФАго згЦя гАхгьД;2025;BT;100 000,00
818181;Ecole Primaire;гАчМяФгД гАлДФхМи;Creation;оягсгй;гАЦояси гАгхйогфМи гАЦнуФЦи ;2025;BT;100 000,00
818181;Ecole Primaire;гАчМяФгД гАлДФхМи;Creation;гмогк;гАЦояси гАгхйогфМи цФАго гмЦо;2025;BT;1 000 000,00
812109;College;гАчМяФгД гАтЦгАМи ;Extention; хДга чгзи згоМи ;гАЦояси гАезогоМи гАЦДгя;2025;BT;100 000,00
812201;College;гАчМяФгД гАлДФхМи;Extention; хДга чгзи згоМи ;гАЦояси гАезогоМи гхД гАЕгДМ ;2025;BT;100 000,00
814608;College;Дуя гААЕ;Extention; хДга чгзи згоМи ;гАЦояси гАезогоМи Дуя гААЕ;2025;BT;100 000,00
812202;College;гАчМяФгД гАлДФхМи;Extention; хДга чгзи гнйугу;гАЦояси гАезогоМи гсогхД гАщягй;2025;BT;130 000,00
813402;College;гАзАг;Extention; хДга чгзи гнйугу;гАЦояси гАезогоМи гАЦсгзМо;2025;BT;130 000,00
812201;College;гАчМяФгД гАлДФхМи;Extention; хДга чгзи Цяглзи;гАЦояси гАезогоМи гхД гАЕгДМ ;2025;BT;180 000,00
812109;College;гАчМяФгД гАтЦгАМи ;Extention; хДга чгзи йяхМи йчДМи;гАЦояси гАезогоМи гАЦДгя;2025;BT;260 000,00
812302;Lycee;гАтхМъи;Extention; хДга чгзи згоМи ;ЦзЕо гхД зящи ;2025;BT;100 000,00
815116;Lycee;хФмлАи ;Extention;хДга чгзгй згоМи ;ЦзЕо гАьгЕя гАмого;2025;BT;200 000,00
814621;Lycee;ЦДрА гАЦЕМяМ ;Extention; хДга чгзи згоМи ;ЦзЕо ЦДрА гАЦЕМяМ;2025;BT;100 000,00
814621;Lycee;ЦДрА гАЦЕМяМ ;Extention; хДга чгзи гнйугу;ЦзЕо ЦДрА гАЦЕМяМ;2025;BT;130 000,00
812302;Lycee;гАтхМъи ;Extention;хДга Цнхя йчДМ ФйъДФАФлМ;ЦзЕо гхД зящи ;2025;BAD;500 000,00
815144;Ecole Primaire;хФмлАи ;Rehabilitation;уМгДи згЦи;гАЦояси гАгхйогфМи гАзФгчхМи ;2025;BT;800 000,00
815607;Ecole Primaire;гАтягяои ;Rehabilitation;уМгДи згЦи;гАЦояси гАгхйогфМи гАйчоЦ ;2025;BT;700 000,00
814601;Ecole Primaire;Дуя гААЕ;Rehabilitation;уМгДи згЦи;гАЦояси гАгхйогфМи Дуя гААЕ гАЦяър ;2025;BT;1 200 000,00
814617;Ecole Primaire;Дуя гААЕ;Rehabilitation;уМгДи згЦи;гАЦояси гАгхйогфМи мМ гАзргзри;2025;BT;800 000,00
812209;Ecole Primaire;гАчМяФгД гАлДФхМи;Rehabilitation;оягсгй;гАЦояси гАгхйогфМи мМ гАДуя ;2025;BT;50 000,00
815606;Ecole Primaire;гАтягяои ;Rehabilitation;оягсгй;гАЦояси гАгхйогфМи гАтягМьМи гАлДФхМи;2025;BT;50 000,00
813620;Ecole Primaire;мщФр ;Rehabilitation;оягсгй;гАЦояси гАгхйогфМи  цФАго нАМщ ;2025;BT;50 000,00
815108;Ecole Primaire;хФмлАи ;Rehabilitation;оягсгй;гАЦояси гАгхйогфМи  хфя гАоФАи;2025;BT;50 000,00
812611;Ecole Primaire;гАсхМни ;Rehabilitation;оягсгй;гАЦояси гАгхйогфМи гАпяМзгй;2025;BT;50 000,00
812104;College;гАчМяФгД гАтЦгАМи ;Rehabilitation;уМгДи згЦи;гАЦоясигАгзогоМи  2 Цгяс 1934;2025;BT;1 000 000,00
813405;College;гАзАг;Rehabilitation;уМгДи згЦи;гАЦоясигАгзогоМи  гАзАг гАмхМх ;2025;BT;1 500 000,00
814620;College;ЦДрА гАЦЕМяМ;Rehabilitation;уМгДи згЦи;гАЦоясигАгзогоМи  ЦДрА гАЦЕМяМ;2025;BT;300 000,00
812605;College;гАсхМни ;Rehabilitation;оягсгй;гАЦоясигАгзогоМи  гАсхМни;2025;BT;50 000,00
813109;College;зМД лАФАи ;Rehabilitation;оягсгй;гАЦоясигАгзогоМи  зМД лАФАи ;2025;BT;50 000,00
814610;Lycee;Дуя гААЕ;Rehabilitation;уМгДи згЦи;ЦзЕо ЦуьщЛ гАщАгАМ ;2025;BT;1 300 000,00
812102;Lycee;гАчМяФгД гАЦоМДи;Rehabilitation;уМгДи згЦи;ЦзЕо гхД ятМч ;2025;BT;900 000,00
813401;Lycee;гАзАг;Rehabilitation;уМгДи згЦи;ЦзЕо гАзАг ;2025;BT;300 000,00
812105;Lycee;гАчМяФгД гАлДФхМи;Rehabilitation;оягсгй;ЦзЕо ячгои ;2025;BT;50 000,00
812606;Lycee;гАсхМни ;Rehabilitation;уМгДи ЦьзЦ ;ЦзЕо гАсхМни ;2025;BT;800 000,00
814623;Lycee;ЦДрА гАЦЕМяМ ;Rehabilitation;хДга ЦьзЦ;гАЦояси гАезогоМи сМоМ сзо;2025;BT;1 000 000,00
;;;;;;;;
;;;;;;;;
;;;;;;;;
;;;;;;;;
;;;;;;;;
;;;;;;;;
;;;;;;;;
;;;;;;;;
;;;;;;;;
